,author1,author2
0,张勤,李枫
1,张勤,徐辉
2,张勤,苏洁琼
3,张勤,卫琳
4,李枫,徐辉
5,李枫,苏洁琼
6,李枫,卫琳
7,徐辉,苏洁琼
8,徐辉,卫琳
9,苏洁琼,卫琳
10,杨俊宴,吴明伟
11,黄杉,张越
12,黄杉,华晨
13,黄杉,汤婧婕
14,张越,华晨
15,张越,汤婧婕
16,华晨,汤婧婕
17,袁奇峰,马晓亚
18,陆希刚,王德
19,张京祥,葛志兵
20,张京祥,罗震东
21,张京祥,孙姗姗
22,葛志兵,罗震东
23,葛志兵,孙姗姗
24,罗震东,孙姗姗
25,石铁矛,李绥
26,许世光,魏建平
27,许世光,曹轶
28,许世光,魏立华
29,魏建平,曹轶
30,魏建平,魏立华
31,曹轶,魏立华
32,王雷,张尧
33,徐明尧,陶德凯
34,邵甬,付娟娟
35,吴晓,陈薇
36,吴晓,王承慧
37,吴晓,童本勤
38,吴晓,刘正平
39,陈薇,王承慧
40,陈薇,童本勤
41,陈薇,刘正平
42,王承慧,童本勤
43,王承慧,刘正平
44,童本勤,刘正平
45,宋祎,查克
46,刘钊军,胡木春
47,杨保军,赵群毅
48,吴刚,易翔
49,韦亚平,潘聪林
50,汪冬宁,金晓斌
51,汪冬宁,王静
52,汪冬宁,周寅康
53,金晓斌,王静
54,金晓斌,周寅康
55,王静,周寅康
56,李王鸣,江勇
57,文贯中,熊金武
58,田莉,罗长海
59,郑国,孟婧
60,薛立新,龙彬
61,王凯,张菁
62,王凯,徐泽
63,王凯,徐颖
64,张菁,徐泽
65,张菁,徐颖
66,徐泽,徐颖
67,林坚,楚建群
68,林坚,张书海
69,林坚,苗春蕾
70,林坚,田刚
71,楚建群,张书海
72,楚建群,苗春蕾
73,楚建群,田刚
74,张书海,苗春蕾
75,张书海,田刚
76,苗春蕾,田刚
77,汪军,赵民
78,汪军,李新阳
79,赵民,李新阳
80,徐颖,李新阳
81,王凯,徐颖
82,李红卫,吴志强
83,李红卫,易晓峰
84,李红卫,彭涛
85,吴志强,易晓峰
86,吴志强,彭涛
87,易晓峰,彭涛
88,张如林,丁元
89,赵万民,史靖塬
90,赵万民,黄勇
91,史靖塬,黄勇
92,张文彤,殷毅
93,张文彤,吴志华
94,张文彤,潘聪
95,殷毅,吴志华
96,殷毅,潘聪
97,吴志华,潘聪
98,赵中元,魏正
99,赵中元,江丕文
100,魏正,江丕文
101,尹海林,郑嘉轩
102,尹海林,孙银
103,尹海林,巩志涛
104,尹海林,田野
105,郑嘉轩,孙银
106,郑嘉轩,巩志涛
107,郑嘉轩,田野
108,孙银,巩志涛
109,孙银,田野
110,巩志涛,田野
111,杨建军,汤婧婕
112,杨建军,汤燕
113,汤婧婕,汤燕
114,孙平军,丁四保
115,孙平军,修春亮
116,丁四保,修春亮
117,胡娟,方可
118,胡娟,亢德芝
119,胡娟,朱爱琴
120,胡娟,吴郁玲
121,方可,亢德芝
122,方可,朱爱琴
123,方可,吴郁玲
124,亢德芝,朱爱琴
125,亢德芝,吴郁玲
126,朱爱琴,吴郁玲
127,高伟,龙彬
128,宋桐庆,朱喜钢
129,宋桐庆,宋伟轩
130,朱喜钢,宋伟轩
131,王凯,徐颖
132,李郇,殷江滨
133,赵四东,杨永春
134,赵四东,万里
135,赵四东,贾云鸿
136,赵四东,李伟伟
137,赵四东,曹军
138,杨永春,万里
139,杨永春,贾云鸿
140,杨永春,李伟伟
141,杨永春,曹军
142,万里,贾云鸿
143,万里,李伟伟
144,万里,曹军
145,贾云鸿,李伟伟
146,贾云鸿,曹军
147,李伟伟,曹军
148,谷人旭,李广斌
149,叶强,谭怡恬
150,叶强,鞠拓文
151,叶强,罗立武
152,叶强,谭立力
153,谭怡恬,鞠拓文
154,谭怡恬,罗立武
155,谭怡恬,谭立力
156,鞠拓文,罗立武
157,鞠拓文,谭立力
158,罗立武,谭立力
159,周钰,赵建波
160,周钰,张玉坤
161,赵建波,张玉坤
162,秦波,邵然
163,王德,刘律
164,陈明明,孙思敏
165,王凯,徐颖
166,税伟,Gregory VEECK
167,税伟,刘美霞
168,税伟,陈烈
169,税伟,刘复友
170,Gregory VEECK,刘美霞
171,Gregory VEECK,陈烈
172,Gregory VEECK,刘复友
173,刘美霞,陈烈
174,刘美霞,刘复友
175,陈烈,刘复友
176,王琦,邢忠
177,王琦,代伟国
178,邢忠,代伟国
179,鲍茜,徐刚
180,赫磊,宋彦
181,赫磊,戴慎志
182,宋彦,戴慎志
183,叶昌东,周春山
184,叶昌东,李振
185,周春山,李振
186,毕凌岚,钟毅
187,戚冬瑾,周剑云
188,薛德升,闫小培
189,薛德升,张成智
190,闫小培,张成智
191,汪明峰,林小玲
192,汪明峰,宁越敏
193,林小玲,宁越敏
194,刘晔,刘于琪
195,刘晔,李志刚
196,刘于琪,李志刚
197,郑卫,饶晓晓
198,李志刚,杜枫
199,陈有川,陈朋
200,陈有川,韩青
201,陈朋,韩青
202,张萍,杨东援
203,连维良,汪应洛
204,徐泽,张云峰
205,徐泽,徐颖
206,张云峰,徐颖
207,赵伟,郑声轩
208,赵伟,鲍维科
209,赵伟,朱青荣
210,赵伟,赵艳莉
211,郑声轩,鲍维科
212,郑声轩,朱青荣
213,郑声轩,赵艳莉
214,鲍维科,朱青荣
215,鲍维科,赵艳莉
216,朱青荣,赵艳莉
217,赵艳莉,郑声轩
218,赵艳莉,张卓如
219,郑声轩,张卓如
220,黎晴,徐泽
221,彭坤焘,赵民
222,赵渺希,刘铮
223,杨俊宴,史北祥
224,应云仙,汤坚立
225,应云仙,李王鸣
226,汤坚立,李王鸣
227,唐路,薛德升
228,唐路,许学强
229,薛德升,许学强
230,邵爱云,单彦名
231,邵爱云,方明
232,邵爱云,赵辉
233,单彦名,方明
234,单彦名,赵辉
235,方明,赵辉
236,尹强,张莉
237,尹强,朱郁郁
238,尹强,郭枫
239,尹强,朱思诚
240,尹强,束晨阳
241,尹强,周乐
242,张莉,朱郁郁
243,张莉,郭枫
244,张莉,朱思诚
245,张莉,束晨阳
246,张莉,周乐
247,朱郁郁,郭枫
248,朱郁郁,朱思诚
249,朱郁郁,束晨阳
250,朱郁郁,周乐
251,郭枫,朱思诚
252,郭枫,束晨阳
253,郭枫,周乐
254,朱思诚,束晨阳
255,朱思诚,周乐
256,束晨阳,周乐
257,戴维,铃木博志
258,戴维,长谷川直树
259,铃木博志,长谷川直树
260,张杰,卢刘颖
261,张杰,霍晓卫
262,卢刘颖,霍晓卫
263,杨国胜,龙彬
264,杨国胜,覃继牧
265,龙彬,覃继牧
266,杨俊宴,胡昕宇
267,王招林,何昉
268,薛兴华,段晓凤
269,刘红光,范晓梅
270,刘红光,刘卫东
271,范晓梅,刘卫东
272,周文竹,阳建强
273,周文竹,葛天阳
274,周文竹,徐晨
275,阳建强,葛天阳
276,阳建强,徐晨
277,葛天阳,徐晨
278,贺勇,孙佩文
279,贺勇,柴舟跃
280,孙佩文,柴舟跃
281,翁一峰,鲁晓军
282,王金岩,何淑华
283,邱建,崔珩
284,林墨飞,唐建
285,何依,李锦生
286,黄家平,肖大威
287,黄家平,魏成
288,黄家平,张哲
289,肖大威,魏成
290,肖大威,张哲
291,魏成,张哲
292,张平,陈志龙
293,何慧,徐涵秋
294,王江波,戴慎志
295,王江波,苟爱萍
296,戴慎志,苟爱萍
297,郭东军,陈志龙
298,郭东军,谢金容
299,郭东军,龚华栋
300,郭东军,赵子维
301,陈志龙,谢金容
302,陈志龙,龚华栋
303,陈志龙,赵子维
304,谢金容,龚华栋
305,谢金容,赵子维
306,龚华栋,赵子维
307,于亚滨,潘玮
308,庞海云,刘南
309,庞海云,吴桥
310,刘南,吴桥
311,刘骏,蒲蔚然
312,刘佳燕,邓翔宇
313,陈艳萍,赵民
314,费彦,王世福
315,张建喜,孙敏
316,王纪武,李王鸣
317,金伟,张远林
318,金伟,王正
319,金伟,颜文涛
320,金伟,闫水玉
321,张远林,王正
322,张远林,颜文涛
323,张远林,闫水玉
324,王正,颜文涛
325,王正,闫水玉
326,颜文涛,闫水玉
327,刘超,许鹏
328,刘超,马炯
329,许鹏,马炯
330,杨振山,蔡建明
331,杨振山,付承伟
332,蔡建明,付承伟
333,杨涛,朱军
334,胡畔,张建召
335,罗震东,何鹤鸣
336,冯艳,叶建伟
337,冯艳,黄亚平
338,叶建伟,黄亚平
339,叶大华,胡倩
340,丛艳国,夏斌
341,张京祥,赵丹
342,张京祥,陈浩
343,赵丹,陈浩
344,吕斌,张纯
345,吕斌,陈天鸣
346,张纯,陈天鸣
347,孙施文,乔建平
348,孙施文,袁锦富
349,孙施文,袁奇峰
350,孙施文,周婕
351,孙施文,茅明睿
352,孙施文,马向明
353,乔建平,袁锦富
354,乔建平,袁奇峰
355,乔建平,周婕
356,乔建平,茅明睿
357,乔建平,马向明
358,袁锦富,袁奇峰
359,袁锦富,周婕
360,袁锦富,茅明睿
361,袁锦富,马向明
362,袁奇峰,周婕
363,袁奇峰,茅明睿
364,袁奇峰,马向明
365,周婕,茅明睿
366,周婕,马向明
367,茅明睿,马向明
368,王富海,孙施文
369,王富海,周剑云
370,王富海,何明俊
371,王富海,梁鹤年
372,王富海,邹德慈
373,王富海,李惠林
374,王富海,王晓川
375,王富海,袁奇峰
376,孙施文,周剑云
377,孙施文,何明俊
378,孙施文,梁鹤年
379,孙施文,邹德慈
380,孙施文,李惠林
381,孙施文,王晓川
382,孙施文,袁奇峰
383,周剑云,何明俊
384,周剑云,梁鹤年
385,周剑云,邹德慈
386,周剑云,李惠林
387,周剑云,王晓川
388,周剑云,袁奇峰
389,何明俊,梁鹤年
390,何明俊,邹德慈
391,何明俊,李惠林
392,何明俊,王晓川
393,何明俊,袁奇峰
394,梁鹤年,邹德慈
395,梁鹤年,李惠林
396,梁鹤年,王晓川
397,梁鹤年,袁奇峰
398,邹德慈,李惠林
399,邹德慈,王晓川
400,邹德慈,袁奇峰
401,李惠林,王晓川
402,李惠林,袁奇峰
403,王晓川,袁奇峰
404,温国明,程俊超
405,宋辉,王小东
406,吴江,王选华
407,陈小卉,汤春峰
408,李铭,郑文含
409,叶兴平,何常清
410,叶兴平,陈燕飞
411,何常清,陈燕飞
412,邹军,叶晨
413,马向明,程红宁
414,王志涛,苏经宇
415,王志涛,刘朝峰
416,苏经宇,刘朝峰
417,罗罡辉,李贵才
418,罗罡辉,徐雅莉
419,李贵才,徐雅莉
420,杨保军,朱子瑜
421,杨保军,蒋朝晖
422,杨保军,魏钢
423,杨保军,张佳
424,朱子瑜,蒋朝晖
425,朱子瑜,魏钢
426,朱子瑜,张佳
427,蒋朝晖,魏钢
428,蒋朝晖,张佳
429,魏钢,张佳
430,张佳,相秉军
431,张佳,朱子瑜
432,相秉军,朱子瑜
433,甄峰,明立波
434,甄峰,张敏
435,甄峰,孙军
436,甄峰,简博秀
437,明立波,张敏
438,明立波,孙军
439,明立波,简博秀
440,张敏,孙军
441,张敏,简博秀
442,孙军,简博秀
443,张杰,张弓
444,张杰,张冲
445,张杰,霍晓卫
446,张杰,张飏
447,张弓,张冲
448,张弓,霍晓卫
449,张弓,张飏
450,张冲,霍晓卫
451,张冲,张飏
452,霍晓卫,张飏
453,吕斌,王春
454,郐艳丽,刘春生
455,郐艳丽,刘铁军
456,郐艳丽,李远
457,郐艳丽,姚志成
458,郐艳丽,南楠
459,郐艳丽,石宇
460,刘春生,刘铁军
461,刘春生,李远
462,刘春生,姚志成
463,刘春生,南楠
464,刘春生,石宇
465,刘铁军,李远
466,刘铁军,姚志成
467,刘铁军,南楠
468,刘铁军,石宇
469,李远,姚志成
470,李远,南楠
471,李远,石宇
472,姚志成,南楠
473,姚志成,石宇
474,南楠,石宇
475,耿虹,宋子龙
476,汤海孺,柳上晓
477,张一成,邓金杰
478,段德罡,王丽媛
479,段德罡,王瑾
480,王丽媛,王瑾
481,张定青,党纤纤
482,张定青,张崇
483,党纤纤,张崇
484,郑德高,闫岩
485,王学海,和艳
486,王学海,李迎彬
487,和艳,李迎彬
488,杨俊宴,吴明伟
489,于涛方,吴志强
490,姜洋,何永
491,姜洋,毛其智
492,姜洋,陈素平
493,姜洋,何东全
494,何永,毛其智
495,何永,陈素平
496,何永,何东全
497,毛其智,陈素平
498,毛其智,何东全
499,陈素平,何东全
500,杨涛,陈阳
501,郝晋伟,李建伟
502,郝晋伟,刘科伟
503,李建伟,刘科伟
504,沈兵明,朱洞风
505,陈煊,魏小春
506,刘晓东,杨毅栋
507,刘晓东,舒渊
508,刘晓东,王学雄
509,刘晓东,江凯达
510,刘晓东,徐雁飞
511,杨毅栋,舒渊
512,杨毅栋,王学雄
513,杨毅栋,江凯达
514,杨毅栋,徐雁飞
515,舒渊,王学雄
516,舒渊,江凯达
517,舒渊,徐雁飞
518,王学雄,江凯达
519,王学雄,徐雁飞
520,江凯达,徐雁飞
521,安娜,王鹤
522,安娜,孔德静
523,王鹤,孔德静
524,王占柱,吴雅默
525,樊杰,王强
526,樊杰,周侃
527,樊杰,陈东
528,王强,周侃
529,王强,陈东
530,周侃,陈东
531,陈明,王凯
532,朱青,赵瑾
533,朱青,姜兆瑞
534,朱青,李红军
535,赵瑾,姜兆瑞
536,赵瑾,李红军
537,姜兆瑞,李红军
538,张磊,城所哲夫
539,张磊,大西隆
540,城所哲夫,大西隆
541,朱金,潘嘉虹
542,朱金,朱晓峰
543,潘嘉虹,朱晓峰
544,许世光,李箭飞
545,许世光,曹轶
546,许世光,刘玉亭
547,李箭飞,曹轶
548,李箭飞,刘玉亭
549,曹轶,刘玉亭
550,王纪武,穆吟
551,吴晓,王承慧
552,吴晓,徐华林
553,吴晓,孙倩文
554,王承慧,徐华林
555,王承慧,孙倩文
556,徐华林,孙倩文
557,张天洁,李泽
558,王频,刘习康
559,王频,孟庆林
560,刘习康,孟庆林
561,谷荣,顾朝林
562,李燕,顾朝林
563,殷洁,罗小龙
564,胡燕,孙羿
565,胡燕,陈振光
566,孙羿,陈振光
567,邹晖,罗小龙
568,邹晖,涂静宇
569,罗小龙,涂静宇
570,张立,陈晨
571,张立,刘振宇
572,陈晨,刘振宇
573,高志刚,韩延玲
574,高志刚,张凌志
575,韩延玲,张凌志
576,苗世光,王晓云
577,苗世光,蒋维楣
578,苗世光,王咏薇
579,苗世光,陈鲜艳
580,王晓云,蒋维楣
581,王晓云,王咏薇
582,王晓云,陈鲜艳
583,蒋维楣,王咏薇
584,蒋维楣,陈鲜艳
585,王咏薇,陈鲜艳
586,李兰昀,郑丽
587,王德,叶晖
588,陆超,庞平
589,刘玉亭,朱晓灿
590,刘玉亭,李嘉靖
591,朱晓灿,李嘉靖
592,卢济威,刘祖健
593,杨俊宴,胡昕宇
594,顾大治,管早临
595,华芳,王沈玉
596,黄亚平,林小如
597,安晓亮,安瓦尔·买买提明
598,王晓临,段永辉
599,孙铁山,王兰兰
600,孙铁山,李国平
601,王兰兰,李国平
602,吴一洲,吴次芳
603,吴一洲,李波
604,吴一洲,罗文斌
605,吴次芳,李波
606,吴次芳,罗文斌
607,李波,罗文斌
608,洪世键,张京祥
609,孙平军,曾亮
610,孙平军,修春亮
611,孙平军,王灿宇
612,曾亮,修春亮
613,曾亮,王灿宇
614,修春亮,王灿宇
615,彭冲,吕传廷
616,柳泽,邢海峰
617,张国武,龚皓锋
618,张国武,刘沅
619,龚皓锋,刘沅
620,薛立新,徐苏宁
621,蒋瑞明,王兴平
622,胡娟,胡忆东
623,胡娟,朱丽霞
624,胡忆东,朱丽霞
625,赵晖,杨开忠
626,赵晖,魏海涛
627,赵晖,赵文祎
628,杨开忠,魏海涛
629,杨开忠,赵文祎
630,魏海涛,赵文祎
631,王法成,余颖
632,王法成,秦海田
633,王法成,邱强
634,余颖,秦海田
635,余颖,邱强
636,秦海田,邱强
637,李王鸣,高沂琛
638,李王鸣,王颖
639,李王鸣,李丹
640,高沂琛,王颖
641,高沂琛,李丹
642,王颖,李丹
643,吴敏,吴晓勤
644,胡滨,邱建
645,胡滨,曾九利
646,胡滨,汪小琦
647,邱建,曾九利
648,邱建,汪小琦
649,曾九利,汪小琦
650,范钟铭,普军
651,范钟铭,周俊
652,普军,周俊
653,杜震,张刚
654,杜震,沈莉芳
655,张刚,沈莉芳
656,陈茜,杨潇
657,曾九利,唐鹏
658,陈佛保,郝前进
659,陈小卉,杨红平
660,王德,李光德
661,王德,朱玮
662,王德,王灿
663,王德,范凌云
664,李光德,朱玮
665,李光德,王灿
666,李光德,范凌云
667,朱玮,王灿
668,朱玮,范凌云
669,王灿,范凌云
670,朱战强,党安荣
671,朱战强,李树华
672,朱战强,庄优波
673,朱战强,王应临
674,党安荣,李树华
675,党安荣,庄优波
676,党安荣,王应临
677,李树华,庄优波
678,李树华,王应临
679,庄优波,王应临
680,段德罡,张凡
681,黄林,罗彦
682,黄林,葛永军
683,罗彦,葛永军
684,黄瑛,徐建刚
685,黄瑛,张伟
686,徐建刚,张伟
687,陈有川,陈朋
688,陈有川,尹宏玲
689,陈朋,尹宏玲
690,周银波,蓝祧彪
691,周银波,毕婧
692,蓝祧彪,毕婧
693,白玮,尹莹
694,白玮,蔡志昶
695,尹莹,蔡志昶
696,戚冬瑾,周剑云
697,叶斌,赵蕾
698,官卫华,刘正平
699,官卫华,周一鸣
700,刘正平,周一鸣
701,沈洁,郑晓华
702,沈洁,王青
703,郑晓华,王青
704,陶承洁,皇甫玥
705,陶承洁,赵蕾
706,陶承洁,于建勋
707,皇甫玥,赵蕾
708,皇甫玥,于建勋
709,赵蕾,于建勋
710,李广斌,王勇
711,李广斌,袁中金
712,王勇,袁中金
713,王瑛,张若冰
714,王瑛,梁浩
715,张若冰,梁浩
716,王建国,杨俊宴
717,王建国,陈宇
718,王建国,徐宁
719,杨俊宴,陈宇
720,杨俊宴,徐宁
721,陈宇,徐宁
722,王岳颐,王竹
723,王岳颐,贺勇
724,王竹,贺勇
725,殷毅,姜涛
726,殷毅,李延新
727,殷毅,黄澍
728,姜涛,李延新
729,姜涛,黄澍
730,李延新,黄澍
731,吕维娟,殷毅
732,文超祥,张其邦
733,文超祥,马武定
734,张其邦,马武定
735,官卫华,王耀南
736,侯丽,赵民
737,杨国霞,苗天青
738,胡畔,王兴平
739,胡畔,张建召
740,王兴平,张建召
741,朱荣远,张立民
742,朱荣远,郭旭东
743,张立民,郭旭东
744,周春山,江海燕
745,周春山,高军波
746,江海燕,高军波
747,周岚,于春
748,周岚,何培根
749,于春,何培根
750,王颖,潘鑫
751,王颖,肖志抡
752,王颖,程相炜
753,潘鑫,肖志抡
754,潘鑫,程相炜
755,肖志抡,程相炜
756,姚圣,田银生
757,姚圣,陈锦棠
758,田银生,陈锦棠
759,丁川,王耀武
760,丁川,林姚宇
761,王耀武,林姚宇
762,郝世英,严建伟
763,郝世英,滕夙宏
764,严建伟,滕夙宏
765,朱玮,王德
766,朱玮,齐藤参郎
767,王德,齐藤参郎
768,马武定,文超祥
769,杨艳,贾三满
770,杨艳,王海刚
771,杨艳,周毅
772,贾三满,王海刚
773,贾三满,周毅
774,王海刚,周毅
775,钱俭,郑志锋
776,汪明峰,卢姗
777,汪明峰,袁贺
778,卢姗,袁贺
779,田美玲,刘嗣明
780,田美玲,寇圆圆
781,刘嗣明,寇圆圆
782,赵民,陈晨
783,赵向光,李志刚
784,运迎霞,杨德进
785,运迎霞,郭力君
786,杨德进,郭力君
787,黄亚平,王智勇
788,陈喆,王慧君
789,陈喆,陈未
790,王慧君,陈未
791,陈小卉,刘剑
792,桂明,徐承华
793,桂明,冯一军
794,徐承华,冯一军
795,张国华,叶芊
796,张国华,戴继锋
797,张国华,李凌岚
798,叶芊,戴继锋
799,叶芊,李凌岚
800,戴继锋,李凌岚
801,樊杰,蒋子龙
802,樊杰,陈东
803,蒋子龙,陈东
804,林坚,许超诣
805,黎云,李郇
806,张京祥,陈浩
807,张京祥,胡嘉佩
808,陈浩,胡嘉佩
809,张松,丁亮
810,吴良镛,吴唯佳
811,王引,袁方
812,赵渺希,王世福
813,赵渺希,李璐颖
814,王世福,李璐颖
815,尹红炜,孟宪忠
816,尹红炜,帅萍
817,孟宪忠,帅萍
818,杨晓凡,李雨桐
819,杨晓凡,贺启滨
820,杨晓凡,白明宇
821,杨晓凡,尤志斌
822,李雨桐,贺启滨
823,李雨桐,白明宇
824,李雨桐,尤志斌
825,贺启滨,白明宇
826,贺启滨,尤志斌
827,白明宇,尤志斌
828,赵一新,马清
829,赵一新,付晶燕
830,赵一新,徐泽州
831,赵一新,蔡润林
832,马清,付晶燕
833,马清,徐泽州
834,马清,蔡润林
835,付晶燕,徐泽州
836,付晶燕,蔡润林
837,徐泽州,蔡润林
838,王志涛,苏经宇
839,王志涛,刘朝峰
840,苏经宇,刘朝峰
841,田洁,刘晓虹
842,田洁,贾进
843,田洁,崔毅
844,刘晓虹,贾进
845,刘晓虹,崔毅
846,贾进,崔毅
847,李兵弟,郭龙彪
848,李兵弟,徐素君
849,李兵弟,李湉
850,郭龙彪,徐素君
851,郭龙彪,李湉
852,徐素君,李湉
853,邢天河,吴巍
854,杨保军,陈鹏
855,丁文静,朱喜钢
856,谢晖,周庆华
857,于红霞,栾晓辉
858,吴晓,王承慧
859,吴晓,滕珊珊
860,吴晓,杨凌茹
861,吴晓,黄潇仪
862,王承慧,滕珊珊
863,王承慧,杨凌茹
864,王承慧,黄潇仪
865,滕珊珊,杨凌茹
866,滕珊珊,黄潇仪
867,杨凌茹,黄潇仪
868,吕凯,郑路
869,柴彦威,申悦
870,柴彦威,塔娜
871,申悦,塔娜
872,魏书威,魏书精
873,魏书威,文正敏
874,魏书威,刘芳芳
875,魏书威,罗碧珍
876,魏书威,林兆武
877,魏书精,文正敏
878,魏书精,刘芳芳
879,魏书精,罗碧珍
880,魏书精,林兆武
881,文正敏,刘芳芳
882,文正敏,罗碧珍
883,文正敏,林兆武
884,刘芳芳,罗碧珍
885,刘芳芳,林兆武
886,罗碧珍,林兆武
887,赵万民,汪洋
888,王利伟,赵明
889,严盛虎,李宇
890,严盛虎,董锁成
891,严盛虎,柳泽
892,严盛虎,郑吉
893,李宇,董锁成
894,李宇,柳泽
895,李宇,郑吉
896,董锁成,柳泽
897,董锁成,郑吉
898,柳泽,郑吉
899,沈娜,孙晖
900,扈万泰,王剑锋
901,扈万泰,易德琴
902,王剑锋,易德琴
903,袁锦富,徐海贤
904,袁锦富,杨红平
905,徐海贤,杨红平
906,潘安,吕传廷
907,曹正伟,欧阳桦
908,严亚,董小玉
909,严亚,谢峰
910,董小玉,谢峰
911,黄翼,吴硕贤
912,宋彦,钟绍鹏
913,宋彦,章征涛
914,宋彦,陈燕萍
915,宋彦,丹尼尔·罗德里格斯
916,宋彦,布莱恩·莫顿
917,钟绍鹏,章征涛
918,钟绍鹏,陈燕萍
919,钟绍鹏,丹尼尔·罗德里格斯
920,钟绍鹏,布莱恩·莫顿
921,章征涛,陈燕萍
922,章征涛,丹尼尔·罗德里格斯
923,章征涛,布莱恩·莫顿
924,陈燕萍,丹尼尔·罗德里格斯
925,陈燕萍,布莱恩·莫顿
926,丹尼尔·罗德里格斯,布莱恩·莫顿
927,丁一,王红梅
928,丁一,沈明
929,丁一,王海云
930,丁一,刘光盛
931,丁一,程迎轩
932,丁一,卢阳禄
933,王红梅,沈明
934,王红梅,王海云
935,王红梅,刘光盛
936,王红梅,程迎轩
937,王红梅,卢阳禄
938,沈明,王海云
939,沈明,刘光盛
940,沈明,程迎轩
941,沈明,卢阳禄
942,王海云,刘光盛
943,王海云,程迎轩
944,王海云,卢阳禄
945,刘光盛,程迎轩
946,刘光盛,卢阳禄
947,程迎轩,卢阳禄
948,张泉,俞娟
949,张泉,庄建伟
950,俞娟,庄建伟
951,胡洋,金笠铭
952,庄建伟,相秉军
953,殷景文,钮卫东
954,殷景文,许业和
955,钮卫东,许业和
956,嵇雪华,庄建伟
957,樊钧,李锋
958,翟斌庆,陈炳泉
959,翟斌庆,许楗
960,翟斌庆,潘婧
961,陈炳泉,许楗
962,陈炳泉,潘婧
963,许楗,潘婧
964,陈宏胜,李丽
965,陈宏胜,李志刚
966,李丽,李志刚
967,王纪武,蒋婧
968,周媛,石铁矛
969,周媛,胡远满
970,周媛,刘淼
971,石铁矛,胡远满
972,石铁矛,刘淼
973,胡远满,刘淼
974,吕佳,张聪达
975,吕佳,林静
976,张聪达,林静
977,田明,彭宇
978,李慧栋,李同升
979,李慧栋,张洁
980,李慧栋,张建忠
981,李慧栋,徐冬平
982,李同升,张洁
983,李同升,张建忠
984,李同升,徐冬平
985,张洁,张建忠
986,张洁,徐冬平
987,张建忠,徐冬平
988,田莉,戈壁青
989,田莉,李永浮
990,戈壁青,李永浮
991,陈泳,赵杏花
992,张继刚,赵万民
993,姜涛,李延新
994,姜涛,秦涛
995,李延新,秦涛
996,杨忠伟,王震
997,黄明华,丁亮
998,董卫,崔玲
999,李彦伯,诸大建
1000,李肇娥,郭鹏
1001,李肇娥,吴鹏
1002,李肇娥,罗旖旎
1003,郭鹏,吴鹏
1004,郭鹏,罗旖旎
1005,吴鹏,罗旖旎
1006,张琳,王敏
1007,张琳,俞波睿
1008,张琳,王星
1009,王敏,俞波睿
1010,王敏,王星
1011,俞波睿,王星
1012,梁东,樊婧怡
1013,梁东,陈健
1014,梁东,王晓
1015,樊婧怡,陈健
1016,樊婧怡,王晓
1017,陈健,王晓
1018,赵在绪,周铁军
1019,赵在绪,陶陶
1020,周铁军,陶陶
1021,袁青,刘通
1022,张朝晖,邱红
1023,张朝晖,何闽
1024,张朝晖,魏科
1025,邱红,何闽
1026,邱红,魏科
1027,何闽,魏科
1028,杨明,和朝东
1029,杨明,朱洁
1030,和朝东,朱洁
1031,张景奇,孙萍
1032,张景奇,孙蕊
1033,孙萍,孙蕊
1034,严瑞河,刘春成
1035,黄建中,吴萌
1036,黄建中,张乔
1037,吴萌,张乔
1038,刘龙胜,马亮
1039,刘龙胜,邓肯
1040,马亮,邓肯
1041,吴娇蓉,华陈睿
1042,吴娇蓉,王达琳
1043,华陈睿,王达琳
1044,石飞,徐向远
1045,陈勇,杨滔
1046,白韵溪,陆伟
1047,白韵溪,刘涟涟
1048,陆伟,刘涟涟
1049,邓昭华,王世福
1050,邓昭华,赵渺希
1051,王世福,赵渺希
1052,段进,陈晓东
1053,段进,钱艳
1054,陈晓东,钱艳
1055,张丽梅,洪再生
1056,张丽梅,师武军
1057,张丽梅,高相铎
1058,洪再生,师武军
1059,洪再生,高相铎
1060,师武军,高相铎
1061,全波,李鑫
1062,冯文勇,王乃昂
1063,冯文勇,何彤慧
1064,王乃昂,何彤慧
1065,宋小冬,陈晨
1066,宋小冬,周静
1067,宋小冬,翟永磊
1068,宋小冬,李书杰
1069,陈晨,周静
1070,陈晨,翟永磊
1071,陈晨,李书杰
1072,周静,翟永磊
1073,周静,李书杰
1074,翟永磊,李书杰
1075,刘伦,龙瀛
1076,刘伦,麦克·巴蒂
1077,龙瀛,麦克·巴蒂
1078,何依,邓巍
1079,吴庆洲,李炎
1080,吴庆洲,吴运江
1081,吴庆洲,刘小刚
1082,李炎,吴运江
1083,李炎,刘小刚
1084,吴运江,刘小刚
1085,杨冬冬,刘海龙
1086,高源,吴晓
1087,高源,强欢欢
1088,吴晓,强欢欢
1089,陈明,马嵩
1090,付帅,扈万泰
1091,王孟永,王伟强
1092,陈有川,王林申
1093,陈有川,孔伟
1094,王林申,孔伟
1095,左长安,邢丛丛
1096,左长安,董睿
1097,左长安,康翠霞
1098,邢丛丛,董睿
1099,邢丛丛,康翠霞
1100,董睿,康翠霞
1101,余颖,钱紫华
1102,罗翔,吴君炜
1103,孟庆,余颖
1104,孟庆,辜元
1105,孟庆,李鹏
1106,孟庆,曹力维
1107,孟庆,冷炳荣
1108,余颖,辜元
1109,余颖,李鹏
1110,余颖,曹力维
1111,余颖,冷炳荣
1112,辜元,李鹏
1113,辜元,曹力维
1114,辜元,冷炳荣
1115,李鹏,曹力维
1116,李鹏,冷炳荣
1117,曹力维,冷炳荣
1118,张泉,刘剑
1119,和朝东,石晓冬
1120,和朝东,赵峰
1121,和朝东,陈军
1122,和朝东,王亮
1123,石晓冬,赵峰
1124,石晓冬,陈军
1125,石晓冬,王亮
1126,赵峰,陈军
1127,赵峰,王亮
1128,陈军,王亮
1129,吴一洲,游和远
1130,吴一洲,陈前虎
1131,吴一洲,刘倩
1132,游和远,陈前虎
1133,游和远,刘倩
1134,陈前虎,刘倩
1135,段进,殷铭
1136,翁一峰,吕斌
1137,翁一峰,鲁晓军
1138,吕斌,鲁晓军
1139,葛丹东,童磊
1140,葛丹东,吴宁
1141,葛丹东,胡蕊娟
1142,童磊,吴宁
1143,童磊,胡蕊娟
1144,吴宁,胡蕊娟
1145,熊国平,潘嘉虹
1146,鲍梓婷,周剑云
1147,王浩锋,饶小军
1148,王浩锋,封晨
1149,饶小军,封晨
1150,徐冰,贺耀萱
1151,张京祥,陈浩
1152,施卫良,邹兵
1153,施卫良,金忠民
1154,施卫良,石晓冬
1155,施卫良,丁成日
1156,施卫良,王凯
1157,施卫良,赵燕菁
1158,施卫良,郑皓
1159,施卫良,林坚
1160,施卫良,石楠
1161,邹兵,金忠民
1162,邹兵,石晓冬
1163,邹兵,丁成日
1164,邹兵,王凯
1165,邹兵,赵燕菁
1166,邹兵,郑皓
1167,邹兵,林坚
1168,邹兵,石楠
1169,金忠民,石晓冬
1170,金忠民,丁成日
1171,金忠民,王凯
1172,金忠民,赵燕菁
1173,金忠民,郑皓
1174,金忠民,林坚
1175,金忠民,石楠
1176,石晓冬,丁成日
1177,石晓冬,王凯
1178,石晓冬,赵燕菁
1179,石晓冬,郑皓
1180,石晓冬,林坚
1181,石晓冬,石楠
1182,丁成日,王凯
1183,丁成日,赵燕菁
1184,丁成日,郑皓
1185,丁成日,林坚
1186,丁成日,石楠
1187,王凯,赵燕菁
1188,王凯,郑皓
1189,王凯,林坚
1190,王凯,石楠
1191,赵燕菁,郑皓
1192,赵燕菁,林坚
1193,赵燕菁,石楠
1194,郑皓,林坚
1195,郑皓,石楠
1196,林坚,石楠
1197,张尚武,李京生
1198,张尚武,郭继青
1199,张尚武,叶红
1200,张尚武,何兵
1201,张尚武,杨军
1202,张尚武,朱伟
1203,张尚武,王竹
1204,张尚武,陈雯
1205,张尚武,施通才
1206,张尚武,杨贵庆
1207,张尚武,栾峰
1208,李京生,郭继青
1209,李京生,叶红
1210,李京生,何兵
1211,李京生,杨军
1212,李京生,朱伟
1213,李京生,王竹
1214,李京生,陈雯
1215,李京生,施通才
1216,李京生,杨贵庆
1217,李京生,栾峰
1218,郭继青,叶红
1219,郭继青,何兵
1220,郭继青,杨军
1221,郭继青,朱伟
1222,郭继青,王竹
1223,郭继青,陈雯
1224,郭继青,施通才
1225,郭继青,杨贵庆
1226,郭继青,栾峰
1227,叶红,何兵
1228,叶红,杨军
1229,叶红,朱伟
1230,叶红,王竹
1231,叶红,陈雯
1232,叶红,施通才
1233,叶红,杨贵庆
1234,叶红,栾峰
1235,何兵,杨军
1236,何兵,朱伟
1237,何兵,王竹
1238,何兵,陈雯
1239,何兵,施通才
1240,何兵,杨贵庆
1241,何兵,栾峰
1242,杨军,朱伟
1243,杨军,王竹
1244,杨军,陈雯
1245,杨军,施通才
1246,杨军,杨贵庆
1247,杨军,栾峰
1248,朱伟,王竹
1249,朱伟,陈雯
1250,朱伟,施通才
1251,朱伟,杨贵庆
1252,朱伟,栾峰
1253,王竹,陈雯
1254,王竹,施通才
1255,王竹,杨贵庆
1256,王竹,栾峰
1257,陈雯,施通才
1258,陈雯,杨贵庆
1259,陈雯,栾峰
1260,施通才,杨贵庆
1261,施通才,栾峰
1262,杨贵庆,栾峰
1263,袁媛,杨贵庆
1264,袁媛,张京祥
1265,袁媛,王世福
1266,袁媛,林隽
1267,袁媛,王玉
1268,袁媛,王建军
1269,袁媛,王承慧
1270,袁媛,徐苗
1271,袁媛,王冬冬
1272,袁媛,李立勋
1273,袁媛,何子张
1274,杨贵庆,张京祥
1275,杨贵庆,王世福
1276,杨贵庆,林隽
1277,杨贵庆,王玉
1278,杨贵庆,王建军
1279,杨贵庆,王承慧
1280,杨贵庆,徐苗
1281,杨贵庆,王冬冬
1282,杨贵庆,李立勋
1283,杨贵庆,何子张
1284,张京祥,王世福
1285,张京祥,林隽
1286,张京祥,王玉
1287,张京祥,王建军
1288,张京祥,王承慧
1289,张京祥,徐苗
1290,张京祥,王冬冬
1291,张京祥,李立勋
1292,张京祥,何子张
1293,王世福,林隽
1294,王世福,王玉
1295,王世福,王建军
1296,王世福,王承慧
1297,王世福,徐苗
1298,王世福,王冬冬
1299,王世福,李立勋
1300,王世福,何子张
1301,林隽,王玉
1302,林隽,王建军
1303,林隽,王承慧
1304,林隽,徐苗
1305,林隽,王冬冬
1306,林隽,李立勋
1307,林隽,何子张
1308,王玉,王建军
1309,王玉,王承慧
1310,王玉,徐苗
1311,王玉,王冬冬
1312,王玉,李立勋
1313,王玉,何子张
1314,王建军,王承慧
1315,王建军,徐苗
1316,王建军,王冬冬
1317,王建军,李立勋
1318,王建军,何子张
1319,王承慧,徐苗
1320,王承慧,王冬冬
1321,王承慧,李立勋
1322,王承慧,何子张
1323,徐苗,王冬冬
1324,徐苗,李立勋
1325,徐苗,何子张
1326,王冬冬,李立勋
1327,王冬冬,何子张
1328,李立勋,何子张
1329,王鹏,杜竞强
1330,董宏伟,寇永霞
1331,吕晓蓓,伍炜
1332,王晶,陆化普
1333,王晶,曾坚
1334,陆化普,曾坚
1335,周庆华,白钰
1336,周庆华,杨彦龙
1337,白钰,杨彦龙
1338,黄明华,顾纲
1339,黄明华,李小龙
1340,黄明华,敬博
1341,顾纲,李小龙
1342,顾纲,敬博
1343,李小龙,敬博
1344,雷会霞,吴左宾
1345,雷会霞,高元
1346,吴左宾,高元
1347,吴左宾,周庆华
1348,吴左宾,刘业鹏
1349,周庆华,刘业鹏
1350,傅舒兰,西村幸夫
1351,门晓莹,徐苏宁
1352,马向明,吕晓蓓
1353,赵民,邵琳
1354,赵民,黎威
1355,邵琳,黎威
1356,李开猛,王锋
1357,李开猛,李晓军
1358,王锋,李晓军
1359,樊杰,曲长虹
1360,樊杰,周侃
1361,樊杰,陈东
1362,曲长虹,周侃
1363,曲长虹,陈东
1364,周侃,陈东
1365,蒋朝晖,魏维
1366,蒋朝晖,魏钢
1367,蒋朝晖,顾宗培
1368,蒋朝晖,何凌华
1369,魏维,魏钢
1370,魏维,顾宗培
1371,魏维,何凌华
1372,魏钢,顾宗培
1373,魏钢,何凌华
1374,顾宗培,何凌华
1375,杨俊宴,史宜
1376,赵民,许重光
1377,赵民,顾大松
1378,赵民,王朝晖
1379,赵民,赵燕菁
1380,许重光,顾大松
1381,许重光,王朝晖
1382,许重光,赵燕菁
1383,顾大松,王朝晖
1384,顾大松,赵燕菁
1385,王朝晖,赵燕菁
1386,张少康,温春阳
1387,张少康,房庆方
1388,张少康,杨保军
1389,张少康,许景权
1390,张少康,马向明
1391,张少康,许险峰
1392,张少康,张尚武
1393,温春阳,房庆方
1394,温春阳,杨保军
1395,温春阳,许景权
1396,温春阳,马向明
1397,温春阳,许险峰
1398,温春阳,张尚武
1399,房庆方,杨保军
1400,房庆方,许景权
1401,房庆方,马向明
1402,房庆方,许险峰
1403,房庆方,张尚武
1404,杨保军,许景权
1405,杨保军,马向明
1406,杨保军,许险峰
1407,杨保军,张尚武
1408,许景权,马向明
1409,许景权,许险峰
1410,许景权,张尚武
1411,马向明,许险峰
1412,马向明,张尚武
1413,许险峰,张尚武
1414,宋劲松,罗小虹
1415,林竹,鲍梓婷
1416,林竹,周剑云
1417,鲍梓婷,周剑云
1418,陶然,王瑞民
1419,陶然,潘瑞
1420,王瑞民,潘瑞
1421,田莉,姚之浩
1422,田莉,郭旭
1423,田莉,殷玮
1424,姚之浩,郭旭
1425,姚之浩,殷玮
1426,郭旭,殷玮
1427,申明锐,张京祥
1428,赵虎,李迎成
1429,赵虎,倪剑波
1430,李迎成,倪剑波
1431,朱江,邓木林
1432,朱江,潘安
1433,邓木林,潘安
1434,蔡吉鸿,周小龙
1435,蔡吉鸿,江篪
1436,周小龙,江篪
1437,钱紫华,易峥
1438,钱紫华,王芳
1439,易峥,王芳
1440,李响,徐先瑞
1441,李响,易虹
1442,徐先瑞,易虹
1443,孙施文,刘奇志
1444,孙施文,王富海
1445,孙施文,石楠
1446,孙施文,袁奇峰
1447,孙施文,施卫良
1448,孙施文,邹兵
1449,孙施文,王世福
1450,孙施文,段德罡
1451,孙施文,俞滨洋
1452,孙施文,黄亚平
1453,刘奇志,王富海
1454,刘奇志,石楠
1455,刘奇志,袁奇峰
1456,刘奇志,施卫良
1457,刘奇志,邹兵
1458,刘奇志,王世福
1459,刘奇志,段德罡
1460,刘奇志,俞滨洋
1461,刘奇志,黄亚平
1462,王富海,石楠
1463,王富海,袁奇峰
1464,王富海,施卫良
1465,王富海,邹兵
1466,王富海,王世福
1467,王富海,段德罡
1468,王富海,俞滨洋
1469,王富海,黄亚平
1470,石楠,袁奇峰
1471,石楠,施卫良
1472,石楠,邹兵
1473,石楠,王世福
1474,石楠,段德罡
1475,石楠,俞滨洋
1476,石楠,黄亚平
1477,袁奇峰,施卫良
1478,袁奇峰,邹兵
1479,袁奇峰,王世福
1480,袁奇峰,段德罡
1481,袁奇峰,俞滨洋
1482,袁奇峰,黄亚平
1483,施卫良,邹兵
1484,施卫良,王世福
1485,施卫良,段德罡
1486,施卫良,俞滨洋
1487,施卫良,黄亚平
1488,邹兵,王世福
1489,邹兵,段德罡
1490,邹兵,俞滨洋
1491,邹兵,黄亚平
1492,王世福,段德罡
1493,王世福,俞滨洋
1494,王世福,黄亚平
1495,段德罡,俞滨洋
1496,段德罡,黄亚平
1497,俞滨洋,黄亚平
1498,石楠,唐子来
1499,石楠,吕斌
1500,石楠,彭震伟
1501,石楠,陈沧杰
1502,石楠,袁奇峰
1503,石楠,司马晓
1504,石楠,王春
1505,石楠,叶裕民
1506,石楠,胡毅
1507,石楠,黄亚平
1508,石楠,汤放华
1509,石楠,段进
1510,唐子来,吕斌
1511,唐子来,彭震伟
1512,唐子来,陈沧杰
1513,唐子来,袁奇峰
1514,唐子来,司马晓
1515,唐子来,王春
1516,唐子来,叶裕民
1517,唐子来,胡毅
1518,唐子来,黄亚平
1519,唐子来,汤放华
1520,唐子来,段进
1521,吕斌,彭震伟
1522,吕斌,陈沧杰
1523,吕斌,袁奇峰
1524,吕斌,司马晓
1525,吕斌,王春
1526,吕斌,叶裕民
1527,吕斌,胡毅
1528,吕斌,黄亚平
1529,吕斌,汤放华
1530,吕斌,段进
1531,彭震伟,陈沧杰
1532,彭震伟,袁奇峰
1533,彭震伟,司马晓
1534,彭震伟,王春
1535,彭震伟,叶裕民
1536,彭震伟,胡毅
1537,彭震伟,黄亚平
1538,彭震伟,汤放华
1539,彭震伟,段进
1540,陈沧杰,袁奇峰
1541,陈沧杰,司马晓
1542,陈沧杰,王春
1543,陈沧杰,叶裕民
1544,陈沧杰,胡毅
1545,陈沧杰,黄亚平
1546,陈沧杰,汤放华
1547,陈沧杰,段进
1548,袁奇峰,司马晓
1549,袁奇峰,王春
1550,袁奇峰,叶裕民
1551,袁奇峰,胡毅
1552,袁奇峰,黄亚平
1553,袁奇峰,汤放华
1554,袁奇峰,段进
1555,司马晓,王春
1556,司马晓,叶裕民
1557,司马晓,胡毅
1558,司马晓,黄亚平
1559,司马晓,汤放华
1560,司马晓,段进
1561,王春,叶裕民
1562,王春,胡毅
1563,王春,黄亚平
1564,王春,汤放华
1565,王春,段进
1566,叶裕民,胡毅
1567,叶裕民,黄亚平
1568,叶裕民,汤放华
1569,叶裕民,段进
1570,胡毅,黄亚平
1571,胡毅,汤放华
1572,胡毅,段进
1573,黄亚平,汤放华
1574,黄亚平,段进
1575,汤放华,段进
1576,俞滨洋,耿毓修
1577,俞滨洋,王引
1578,俞滨洋,彭瑶玲
1579,俞滨洋,阳建强
1580,俞滨洋,林隽
1581,俞滨洋,耿虹
1582,俞滨洋,杨晓光
1583,俞滨洋,李王鸣
1584,俞滨洋,黄卫东
1585,耿毓修,王引
1586,耿毓修,彭瑶玲
1587,耿毓修,阳建强
1588,耿毓修,林隽
1589,耿毓修,耿虹
1590,耿毓修,杨晓光
1591,耿毓修,李王鸣
1592,耿毓修,黄卫东
1593,王引,彭瑶玲
1594,王引,阳建强
1595,王引,林隽
1596,王引,耿虹
1597,王引,杨晓光
1598,王引,李王鸣
1599,王引,黄卫东
1600,彭瑶玲,阳建强
1601,彭瑶玲,林隽
1602,彭瑶玲,耿虹
1603,彭瑶玲,杨晓光
1604,彭瑶玲,李王鸣
1605,彭瑶玲,黄卫东
1606,阳建强,林隽
1607,阳建强,耿虹
1608,阳建强,杨晓光
1609,阳建强,李王鸣
1610,阳建强,黄卫东
1611,林隽,耿虹
1612,林隽,杨晓光
1613,林隽,李王鸣
1614,林隽,黄卫东
1615,耿虹,杨晓光
1616,耿虹,李王鸣
1617,耿虹,黄卫东
1618,杨晓光,李王鸣
1619,杨晓光,黄卫东
1620,李王鸣,黄卫东
1621,易鑫,克里斯蒂安·施耐德
1622,程遥,赵民
1623,顾朝林,彭翀
1624,李琬,孙斌栋
1625,齐慧峰,王伟强
1626,陈建华,王国恩
1627,毛其智,龙瀛
1628,毛其智,吴康
1629,龙瀛,吴康
1630,罗震东,汪鑫
1631,罗震东,耿磊
1632,汪鑫,耿磊
1633,黄晓军,黄馨
1634,李顺成,李喜演
1635,王德,王灿
1636,王德,朱玮
1637,王德,鲁洪强
1638,王德,王召强
1639,王德,高鹏
1640,王德,刘珺
1641,王德,王安华
1642,王德,赵友功
1643,王德,李渊
1644,王灿,朱玮
1645,王灿,鲁洪强
1646,王灿,王召强
1647,王灿,高鹏
1648,王灿,刘珺
1649,王灿,王安华
1650,王灿,赵友功
1651,王灿,李渊
1652,朱玮,鲁洪强
1653,朱玮,王召强
1654,朱玮,高鹏
1655,朱玮,刘珺
1656,朱玮,王安华
1657,朱玮,赵友功
1658,朱玮,李渊
1659,鲁洪强,王召强
1660,鲁洪强,高鹏
1661,鲁洪强,刘珺
1662,鲁洪强,王安华
1663,鲁洪强,赵友功
1664,鲁洪强,李渊
1665,王召强,高鹏
1666,王召强,刘珺
1667,王召强,王安华
1668,王召强,赵友功
1669,王召强,李渊
1670,高鹏,刘珺
1671,高鹏,王安华
1672,高鹏,赵友功
1673,高鹏,李渊
1674,刘珺,王安华
1675,刘珺,赵友功
1676,刘珺,李渊
1677,王安华,赵友功
1678,王安华,李渊
1679,赵友功,李渊
1680,王宇宁,运迎霞
1681,王宇宁,郭力君
1682,运迎霞,郭力君
1683,石飞,居阳
1684,陶伟,叶颖
1685,张宇,欧名豪
1686,张宇,蔡玉军
1687,欧名豪,蔡玉军
1688,龙瀛,何永
1689,龙瀛,刘欣
1690,龙瀛,杜立群
1691,何永,刘欣
1692,何永,杜立群
1693,刘欣,杜立群
1694,赵守谅,陈婷婷
1695,魏立华,丛艳国
1696,魏立华,魏成
1697,丛艳国,魏成
1698,罗小龙,许骁
1699,林坚,黄菲
1700,林坚,赵星烁
1701,黄菲,赵星烁
1702,汤爽爽,黄贤金
1703,杨俊宴,马奔
1704,崔明,覃志豪
1705,崔明,唐冲
1706,崔明,耿杰
1707,崔明,王娜
1708,覃志豪,唐冲
1709,覃志豪,耿杰
1710,覃志豪,王娜
1711,唐冲,耿杰
1712,唐冲,王娜
1713,耿杰,王娜
1714,任洪涛,黄锡生
1715,张景奇,孙萍
1716,张景奇,孙蕊
1717,孙萍,孙蕊
1718,罗吉,黄亚平
1719,罗吉,赵丽元
1720,罗吉,陈瞻
1721,罗吉,张妮娅
1722,黄亚平,赵丽元
1723,黄亚平,陈瞻
1724,黄亚平,张妮娅
1725,赵丽元,陈瞻
1726,赵丽元,张妮娅
1727,陈瞻,张妮娅
1728,吴晓,王慧
1729,吴晓,左为
1730,王慧,左为
1731,邹军,姚秀利
1732,邹军,侯冰婕
1733,姚秀利,侯冰婕
1734,宋小冬,丁亮
1735,宋小冬,钮心毅
1736,丁亮,钮心毅
1737,陈浩,张京祥
1738,陈浩,林存松
1739,张京祥,林存松
1740,黄亚平,单卓然
1741,金广君,蔡瑞定
1742,金广君,金敬思
1743,蔡瑞定,金敬思
1744,耿虹,罗毅
1745,饶传坤,陈巍
1746,李建伟,刘科伟
1747,李建伟,刘林
1748,刘科伟,刘林
1749,王春兰,杨上广
1750,鲁晓军,门坤玲
1751,鲁晓军,翁一峰
1752,门坤玲,翁一峰
1753,李玉涛,周江评
1754,贺松,陶杰
1755,张晓军,赵虎
1756,张晓军,徐匆匆
1757,赵虎,徐匆匆
1758,张其邦,文超祥
1759,张其邦,马武定
1760,文超祥,马武定
1761,吕晓,黄贤金
1762,吕晓,张全景
1763,黄贤金,张全景
1764,冯雨峰,黄扬飞
1765,黄亚平,刘凌云
1766,焦朋朋,陈帅
1767,焦朋朋,王红霖
1768,陈帅,王红霖
1769,韦飚,戴哲敏
1770,王纪武,邵雨莲
1771,王慧,吴晓
1772,王慧,强欢欢
1773,吴晓,强欢欢
1774,于文悫,顾新
1775,李和平,薛威
1776,方家,吴承照
1777,曹曙,翁一峰
1778,许辉,杨洁明
1779,许辉,罗奎
1780,许辉,陶慧
1781,杨洁明,罗奎
1782,杨洁明,陶慧
1783,罗奎,陶慧
1784,丁川,吴纲立
1785,丁川,林姚宇
1786,吴纲立,林姚宇
1787,袁媛,韩焱
1788,袁媛,张志君
1789,袁媛,柳意云
1790,韩焱,张志君
1791,韩焱,柳意云
1792,张志君,柳意云
1793,袁艳华,徐建刚
1794,武廷海,张能
1795,俞孔坚,李迪华
1796,俞孔坚,袁弘
1797,俞孔坚,傅微
1798,俞孔坚,乔青
1799,俞孔坚,王思思
1800,李迪华,袁弘
1801,李迪华,傅微
1802,李迪华,乔青
1803,李迪华,王思思
1804,袁弘,傅微
1805,袁弘,乔青
1806,袁弘,王思思
1807,傅微,乔青
1808,傅微,王思思
1809,乔青,王思思
1810,吴健生,郎琨
1811,吴健生,彭建
1812,吴健生,黄秀兰
1813,郎琨,彭建
1814,郎琨,黄秀兰
1815,彭建,黄秀兰
1816,张军民,侯艳玉
1817,张军民,徐腾
1818,侯艳玉,徐腾
1819,唐静,耿慧志
1820,郑卫,石坚
1821,郑卫,欧阳丽
1822,石坚,欧阳丽
1823,姜允芳,石铁矛
1824,姜允芳,赵淑红
1825,石铁矛,赵淑红
1826,崔翀,古海波
1827,崔翀,严丽平
1828,古海波,严丽平
1829,赵民,游猎
1830,赵民,陈晨
1831,游猎,陈晨
1832,丁志刚,孙经纬
1833,曹广忠,耿宏兵
1834,曹广忠,朱冀宇
1835,耿宏兵,朱冀宇
1836,刘剑,孙华灿
1837,韦胜,张小辉
1838,索超,张浩
1839,赵倩,陈国伟
1840,段进,季松
1841,陈天,臧鑫宇
1842,陈天,王峤
1843,臧鑫宇,王峤
1844,李浩,胡文娜
1845,黄慧明,田银生
1846,钟晓华,寇怀云
1847,陈怡竹,许文胜
1848,陈怡竹,胡庆平
1849,许文胜,胡庆平
1850,辛飞,吕斌
1851,李和平,肖竞
1852,李和平,周晓宇
1853,肖竞,周晓宇
1854,顾朝林,田莉
1855,顾朝林,王世福
1856,顾朝林,周恺
1857,顾朝林,黄亚平
1858,田莉,王世福
1859,田莉,周恺
1860,田莉,黄亚平
1861,王世福,周恺
1862,王世福,黄亚平
1863,周恺,黄亚平
1864,左为,吴晓
1865,左为,汤林浩
1866,吴晓,汤林浩
1867,孙斌栋,王旭辉
1868,孙斌栋,蔡寅寅
1869,王旭辉,蔡寅寅
1870,段城江,黄亚平
1871,段城江,张茜
1872,黄亚平,张茜
1873,岳隽,戴小平
1874,岳隽,赖伟胜
1875,岳隽,罗超英
1876,岳隽,仝兆远
1877,戴小平,赖伟胜
1878,戴小平,罗超英
1879,戴小平,仝兆远
1880,赖伟胜,罗超英
1881,赖伟胜,仝兆远
1882,罗超英,仝兆远
1883,郭旭,赵琪龙
1884,郭旭,李广斌
1885,赵琪龙,李广斌
1886,戚冬瑾,周剑云
1887,谭立峰,刘文斌
1888,周游,周剑云
1889,刘垚,田银生
1890,刘垚,周可斌
1891,田银生,周可斌
1892,贾莉,闫小培
1893,王纪武,金一
1894,王纪武,李王鸣
1895,金一,李王鸣
1896,刘玮,胡纹
1897,陈宏胜,李志刚
1898,孙秀丽,马春东
1899,孙秀丽,唐建
1900,马春东,唐建
1901,刘泉,张震宇
1902,袁奇峰,钱天乐
1903,袁奇峰,郭炎
1904,钱天乐,郭炎
1905,周政旭,封基铖
1906,许乙青,孙瑶
1907,许乙青,邵亦文
1908,孙瑶,邵亦文
1909,吴敏,吴晓勤
1910,吴昊,彭正洪
1911,丁亮,钮心毅
1912,丁亮,宋小冬
1913,钮心毅,宋小冬
1914,丁琳,翟国方
1915,丁琳,李莎莎
1916,翟国方,李莎莎
1917,侯丽,王宜兵
1918,张纯,吕斌
1919,张纯,郑童
1920,吕斌,郑童
1921,杨俊宴,史北祥
1922,罗吉,黄亚平
1923,罗吉,彭翀
1924,罗吉,刘法堂
1925,黄亚平,彭翀
1926,黄亚平,刘法堂
1927,彭翀,刘法堂
1928,高源,马晓甦
1929,高源,孙世界
1930,马晓甦,孙世界
1931,魏宗财,陈婷婷
1932,魏宗财,李郇
1933,魏宗财,钱前
1934,陈婷婷,李郇
1935,陈婷婷,钱前
1936,李郇,钱前
1937,杨保军,陈鹏
1938,钟少颖,陈锐
1939,钟少颖,杨鑫
1940,陈锐,杨鑫
1941,王芳,高晓路
1942,武前波,陈前虎
1943,颜文涛,萧敬豪
1944,潘鑫,魏旭红
1945,潘鑫,王颖
1946,魏旭红,王颖
1947,高军,裴春光
1948,高军,刘宾
1949,高军,潘丽珍
1950,裴春光,刘宾
1951,裴春光,潘丽珍
1952,刘宾,潘丽珍
1953,王缉宪,刘倩
1954,姜博,初楠臣
1955,杨春侠,耿慧志
1956,杨春侠,周华
1957,耿慧志,周华
1958,江捷,邵源
1959,江捷,宋家骅
1960,邵源,宋家骅
1961,史宜,杨俊宴
1962,赵美风,刘盛和
1963,赵美风,戚伟
1964,刘盛和,戚伟
1965,张京祥,赵伟
1966,陈煜,孙慧
1967,陈楠,陈可石
1968,陈楠,李欣珏
1969,陈可石,李欣珏
1970,叶祖达,耿宏兵
1971,贾兴梅,刘俊杰
1972,贾兴梅,贾伟
1973,刘俊杰,贾伟
1974,孙建欣,林永新
1975,王侠,陈晓键
1976,王侠,焦健
1977,陈晓键,焦健
1978,杨国霞,沈山
1979,杨国霞,孙一飞
1980,沈山,孙一飞
1981,耿慧志,张锦荣
1982,王春,张京祥
1983,王春,郑德高
1984,王春,王慧芳
1985,王春,王兴平
1986,王春,彭瑶玲
1987,王春,王引
1988,王春,马向明
1989,王春,黄富民
1990,王春,唐凯
1991,王春,袁锦富
1992,张京祥,郑德高
1993,张京祥,王慧芳
1994,张京祥,王兴平
1995,张京祥,彭瑶玲
1996,张京祥,王引
1997,张京祥,马向明
1998,张京祥,黄富民
1999,张京祥,唐凯
2000,张京祥,袁锦富
2001,郑德高,王慧芳
2002,郑德高,王兴平
2003,郑德高,彭瑶玲
2004,郑德高,王引
2005,郑德高,马向明
2006,郑德高,黄富民
2007,郑德高,唐凯
2008,郑德高,袁锦富
2009,王慧芳,王兴平
2010,王慧芳,彭瑶玲
2011,王慧芳,王引
2012,王慧芳,马向明
2013,王慧芳,黄富民
2014,王慧芳,唐凯
2015,王慧芳,袁锦富
2016,王兴平,彭瑶玲
2017,王兴平,王引
2018,王兴平,马向明
2019,王兴平,黄富民
2020,王兴平,唐凯
2021,王兴平,袁锦富
2022,彭瑶玲,王引
2023,彭瑶玲,马向明
2024,彭瑶玲,黄富民
2025,彭瑶玲,唐凯
2026,彭瑶玲,袁锦富
2027,王引,马向明
2028,王引,黄富民
2029,王引,唐凯
2030,王引,袁锦富
2031,马向明,黄富民
2032,马向明,唐凯
2033,马向明,袁锦富
2034,黄富民,唐凯
2035,黄富民,袁锦富
2036,唐凯,袁锦富
2037,翟国方,崔功豪
2038,翟国方,谢映霞
2039,翟国方,黄富民
2040,翟国方,沈迟
2041,翟国方,汤放华
2042,翟国方,王培茗
2043,翟国方,王德
2044,翟国方,赵志庆
2045,翟国方,易晓峰
2046,崔功豪,谢映霞
2047,崔功豪,黄富民
2048,崔功豪,沈迟
2049,崔功豪,汤放华
2050,崔功豪,王培茗
2051,崔功豪,王德
2052,崔功豪,赵志庆
2053,崔功豪,易晓峰
2054,谢映霞,黄富民
2055,谢映霞,沈迟
2056,谢映霞,汤放华
2057,谢映霞,王培茗
2058,谢映霞,王德
2059,谢映霞,赵志庆
2060,谢映霞,易晓峰
2061,黄富民,沈迟
2062,黄富民,汤放华
2063,黄富民,王培茗
2064,黄富民,王德
2065,黄富民,赵志庆
2066,黄富民,易晓峰
2067,沈迟,汤放华
2068,沈迟,王培茗
2069,沈迟,王德
2070,沈迟,赵志庆
2071,沈迟,易晓峰
2072,汤放华,王培茗
2073,汤放华,王德
2074,汤放华,赵志庆
2075,汤放华,易晓峰
2076,王培茗,王德
2077,王培茗,赵志庆
2078,王培茗,易晓峰
2079,王德,赵志庆
2080,王德,易晓峰
2081,赵志庆,易晓峰
2082,彭震伟,陆嘉
2083,赵民,高捷
2084,诸大建,黄晓芬
2085,王潇,李宽
2086,邢忠,黄光宇
2087,邢忠,颜文涛
2088,黄光宇,颜文涛
2089,康艳红,张京祥
2090,唐子来,李新阳
2091,吴志强,史舸
2092,姚秀利,王红扬
2093,吴未,黄贤金
2094,吴未,刘坚
2095,吴未,林炳耀
2096,黄贤金,刘坚
2097,黄贤金,林炳耀
2098,刘坚,林炳耀
2099,张浪,尼克·诺森
2100,张浪,戴军
2101,张浪,丁学军
2102,尼克·诺森,戴军
2103,尼克·诺森,丁学军
2104,戴军,丁学军
2105,琚胜利,陆林
2106,琚胜利,杨效忠
2107,琚胜利,朱桃杏
2108,陆林,杨效忠
2109,陆林,朱桃杏
2110,杨效忠,朱桃杏
2111,谭启宇,王仰麟
2112,谭启宇,赵苑
2113,谭启宇,彭建
2114,谭启宇,蔡玉梅
2115,王仰麟,赵苑
2116,王仰麟,彭建
2117,王仰麟,蔡玉梅
2118,赵苑,彭建
2119,赵苑,蔡玉梅
2120,彭建,蔡玉梅
2121,于涛方,吴志强
2122,宣莹,陈定荣
2123,王伟年,张平宇
2124,陈建华,袁奇峰
2125,陈建华,易晓峰
2126,袁奇峰,易晓峰
2127,沈清基,吴斐琼
2128,张浪,尼克·诺森
2129,张浪,朱胜萱
2130,张浪,于志远
2131,张浪,王磊
2132,尼克·诺森,朱胜萱
2133,尼克·诺森,于志远
2134,尼克·诺森,王磊
2135,朱胜萱,于志远
2136,朱胜萱,王磊
2137,于志远,王磊
2138,李京生,马鹏
2139,魏立华,李志刚
2140,杨华文,蔡晓丰
2141,黄建中,蔡军
2142,李静,吴人韦
2143,李静,吴成
2144,李静,王铁飞
2145,李静,江琦
2146,李静,胡艳
2147,吴人韦,吴成
2148,吴人韦,王铁飞
2149,吴人韦,江琦
2150,吴人韦,胡艳
2151,吴成,王铁飞
2152,吴成,江琦
2153,吴成,胡艳
2154,王铁飞,江琦
2155,王铁飞,胡艳
2156,江琦,胡艳
2157,吴志强,李华
2158,陈秉钊,刘婷婷
2159,陈秉钊,范军勇
2160,陈秉钊,彭坤焘
2161,刘婷婷,范军勇
2162,刘婷婷,彭坤焘
2163,范军勇,彭坤焘
2164,李健,宁越敏
2165,李健,石崧
2166,宁越敏,石崧
2167,罗永联,万鹏
2168,林林,阮仪三
2169,周芃,朱晓明
2170,王德,马力
2171,王德,朱玮
2172,马力,朱玮
2173,毛媛媛,戴慎志
2174,于一丁,黄宁
2175,于一丁,万昆
2176,黄宁,万昆
2177,张大维,陈伟东
2178,张大维,李雪萍
2179,张大维,孔娜娜
2180,陈伟东,李雪萍
2181,陈伟东,孔娜娜
2182,李雪萍,孔娜娜
2183,杨保军,闵希莹
2184,吕斌,佘高红
2185,顾斌,沈清基
2186,顾斌,郑醉文
2187,顾斌,吴斐琼
2188,顾斌,郭磊
2189,顾斌,黄亦颖
2190,沈清基,郑醉文
2191,沈清基,吴斐琼
2192,沈清基,郭磊
2193,沈清基,黄亦颖
2194,郑醉文,吴斐琼
2195,郑醉文,郭磊
2196,郑醉文,黄亦颖
2197,吴斐琼,郭磊
2198,吴斐琼,黄亦颖
2199,郭磊,黄亦颖
2200,舒廷飞,霍莉
2201,舒廷飞,蒋丙南
2202,舒廷飞,包存宽
2203,霍莉,蒋丙南
2204,霍莉,包存宽
2205,蒋丙南,包存宽
2206,韦亚平,赵民
2207,韦亚平,肖莹光
2208,赵民,肖莹光
2209,石忆邵,胡建民
2210,潘海啸,崔宁
2211,潘海啸,刘冰
2212,崔宁,刘冰
2213,吴志强,李欣
2214,张晓明,赖寿华
2215,王腾,卢济威
2216,王刚,肖铭
2217,王刚,郭汝
2218,王刚,陈煊
2219,肖铭,郭汝
2220,肖铭,陈煊
2221,郭汝,陈煊
2222,李百浩,彭秀涛
2223,李百浩,黄立
2224,彭秀涛,黄立
2225,梁江,刘泉
2226,梁江,孙晖
2227,刘泉,孙晖
2228,于涛方,顾朝林
2229,于涛方,吴泓
2230,顾朝林,吴泓
2231,俞孔坚,李迪华
2232,俞孔坚,韩西丽
2233,俞孔坚,栾博
2234,李迪华,韩西丽
2235,李迪华,栾博
2236,韩西丽,栾博
2237,牛雄,陈振华
2238,吴志强,李欣
2239,冯维波,黄光宇
2240,谭少华,赵万民
2241,杨树佳,郑新奇
2242,刘宣,蒋峻涛
2243,刘宣,贺传皎
2244,刘宣,向发敏
2245,蒋峻涛,贺传皎
2246,蒋峻涛,向发敏
2247,贺传皎,向发敏
2248,汤宇卿,周炳宇
2249,许自力,郭祥
2250,许自力,张小星
2251,许自力,施瑛
2252,许自力,潘莹
2253,郭祥,张小星
2254,郭祥,施瑛
2255,郭祥,潘莹
2256,张小星,施瑛
2257,张小星,潘莹
2258,施瑛,潘莹
2259,李志刚,薛德升
2260,李志刚,魏立华
2261,薛德升,魏立华
2262,吴承照,曾琳
2263,庞磊,沈清基
2264,唐子来,陈琳
2265,苏振民,林炳耀
2266,刘艳军,李诚固
2267,刘艳军,孙迪
2268,李诚固,孙迪
2269,洪再生,杨玲
2270,李百浩,郭建
2271,李百浩,黄亚平
2272,郭建,黄亚平
2273,孙晖,梁江
2274,John Friedmann,周珂
2275,李京生,马鹏
2276,胡俊,蒋建明
2277,胡俊,陆飞
2278,胡俊,陈洪标
2279,蒋建明,陆飞
2280,蒋建明,陈洪标
2281,陆飞,陈洪标
2282,保继刚,刘俊
2283,赵群毅,周一星
2284,刘逸,闫小培
2285,刘逸,周素红
2286,闫小培,周素红
2287,蒋芳,刘盛和
2288,蒋芳,袁弘
2289,刘盛和,袁弘
2290,罗震东,张京祥
2291,董慰,王广鹏
2292,周俭,陈亚斌
2293,陈晓恬,任磊
2294,刘伟奇,王兴平
2295,段进宇,梁伟
2296,张明,刘菁
2297,刘奇志,陈玮
2298,刘奇志,汪云
2299,陈玮,汪云
2300,郭红雨,蔡云楠
2301,朱玮,王德
2302,许学强,林先扬
2303,许学强,周春山
2304,林先扬,周春山
2305,卢济威,韩晶
2306,单晓芳,王正
2307,潘海啸,熊锦云
2308,潘海啸,刘冰
2309,熊锦云,刘冰
2310,李健,宁越敏
2311,钮心毅,宋小冬
2312,李百浩,王玮
2313,彭震伟,孙婕
2314,颜文涛,邢忠
2315,颜文涛,叶林
2316,邢忠,叶林
2317,王丽洁,张玉坤
2318,杨俊宴,吴明伟
2319,田银生,宋海瑜
2320,周向频,陈喆华
2321,潘忠诚,陈翀
2322,潘忠诚,彭涛
2323,潘忠诚,李箭飞
2324,陈翀,彭涛
2325,陈翀,李箭飞
2326,彭涛,李箭飞
2327,霍耀中,刘沛林
2328,任英,李桂文
2329,任英,詹雪红
2330,李桂文,詹雪红
2331,裴新生,王骏
2332,罗曦,郑伯红
2333,汤培源,顾朝林
2334,诸大建,王红兵
2335,洪亮平,林丹
2336,于涛方,甄峰
2337,于涛方,吴泓
2338,甄峰,吴泓
2339,班茂盛,方创琳
2340,魏立华,袁奇峰
2341,叶炜,朱立明
2342,叶炜,刘昭吟
2343,朱立明,刘昭吟
2344,朱彦东,李旭宏
2345,万霞,陈峻
2346,万霞,王炜
2347,陈峻,王炜
2348,彭坤焘,罗志刚
2349,蔡瀛,王朝晖
2350,蔡瀛,姚燕华
2351,蔡瀛,孙翔
2352,蔡瀛,李光旭
2353,王朝晖,姚燕华
2354,王朝晖,孙翔
2355,王朝晖,李光旭
2356,姚燕华,孙翔
2357,姚燕华,李光旭
2358,孙翔,李光旭
2359,张照,王德
2360,Daniel Biau,高延伟
2361,理查德·勒盖茨,张庭伟
2362,王伟,吴志强
2363,朱介鸣,刘宣
2364,朱介鸣,田莉
2365,刘宣,田莉
2366,周岚,叶斌
2367,周岚,徐明尧
2368,叶斌,徐明尧
2369,方创琳,祁巍锋
2370,钱征寒,牛慧恩
2371,周俭,梁洁
2372,周俭,陈飞
2373,梁洁,陈飞
2374,宋小冬,易嘉
2375,潘海啸,任春洋
2376,潘海啸,杨眺晕
2377,任春洋,杨眺晕
2378,陈非,陈小鸿
2379,陈非,吴娇蓉
2380,陈小鸿,吴娇蓉
2381,石忆邵,谭文垦
2382,刘滨谊,温全平
2383,刘滨谊,刘颂
2384,温全平,刘颂
2385,周向频,陈喆华
2386,王宏远,樊杰
2387,周珂,王雅娟
2388,王雅娟,黄建中
2389,肖建莉,黄建中
2390,梁晓农,赵民
2391,姜涛,吴志强
2392,宋代军,杨贵庆
2393,唐勇,徐玉红
2394,沈清基,刘波
2395,张虹鸥,岑倩华
2396,周婕,罗巧灵
2397,俞孔坚,张蕾
2398,张翼,吕斌
2399,张翼,罗征
2400,吕斌,罗征
2401,黄文炜,魏清泉
2402,林良嗣,吴琼华
2403,栾峰,何丹
2404,栾峰,王忆云
2405,何丹,王忆云
2406,杨培峰,姜文超
2407,杨培峰,胡上春
2408,杨培峰,叶林
2409,姜文超,胡上春
2410,姜文超,叶林
2411,胡上春,叶林
2412,孟海宁,陈前虎
2413,孟海宁,徐鑫
2414,陈前虎,徐鑫
2415,赵民,汪军
2416,王建军,吴志强
2417,陈明星,叶超
2418,陈明星,付承伟
2419,叶超,付承伟
2420,夏南凯,宋海瑜
2421,张艳华,卫明
2422,周芃,黄杰
2423,徐海贤,邹军
2424,叶建红,陈小鸿
2425,叶建红,李晔
2426,陈小鸿,李晔
2427,姜允芳,刘滨谊
2428,姜允芳,刘颂
2429,姜允芳,王丽洁
2430,刘滨谊,刘颂
2431,刘滨谊,王丽洁
2432,刘颂,王丽洁
2433,吴志强,王伟
2434,朱介鸣,罗赤
2435,赵民,柏巍
2436,赵民,韦亚平
2437,柏巍,韦亚平
2438,杨东峰,熊国平
2439,何流,文超祥
2440,顾朝林,浦善新
2441,付磊,唐子来
2442,孙斌栋,潘鑫
2443,孙斌栋,宁越敏
2444,潘鑫,宁越敏
2445,李京生,付予光
2446,李京生,李将
2447,李京生,郭亮
2448,付予光,李将
2449,付予光,郭亮
2450,李将,郭亮
2451,黄明华,高峰
2452,黄明华,郑晓伟
2453,高峰,郑晓伟
2454,吴志强,王伟
2455,吴志强,李红卫
2456,吴志强,于涛方
2457,吴志强,王雷
2458,王伟,李红卫
2459,王伟,于涛方
2460,王伟,王雷
2461,李红卫,于涛方
2462,李红卫,王雷
2463,于涛方,王雷
2464,郑文武,魏清泉
2465,姜梅,姜涛
2466,王一,卢济威
2467,潘海啸,钟宝华
2468,刘畅,石铁矛
2469,刘畅,赤崎弘平
2470,刘畅,姥浦道生
2471,石铁矛,赤崎弘平
2472,石铁矛,姥浦道生
2473,赤崎弘平,姥浦道生
2474,宋晓龙,廖正昕
2475,龚清宇,王林超
2476,龚清宇,朱琳
2477,王林超,朱琳
2478,常青,齐莹
2479,常青,朱宇晖
2480,齐莹,朱宇晖
2481,李建,董卫
2482,何依,李锦生
2483,陈飞,阮仪三
2484,黄一如,王挺
2485,阮仪三,李红艳
2486,姚庆峰,海热提
2487,姚庆峰,王瑾
2488,海热提,王瑾
2489,韦亚平,赵民
2490,韦亚平,汪劲柏
2491,赵民,汪劲柏
2492,于涛方,陈修颖
2493,于涛方,吴泓
2494,陈修颖,吴泓
2495,耿慧志,王岱霞
2496,惠英,舒慧琴
2497,雷诚,赵万民
2498,王静文,毛其智
2499,王静文,党安荣
2500,毛其智,党安荣
2501,王骏,张照
2502,诸大建,邱寿丰
2503,李百浩,严昕
2504,周向频,胡月
2505,周俭,夏南凯
2506,孙施文,胡丽萍
2507,夏南凯,宋海瑜
2508,沈清基,马继武
2509,那保国,梁静国
2510,那保国,张金萍
2511,梁静国,张金萍
2512,李建飞,陈玮
2513,徐毅松,姚凯
2514,徐毅松,黄建中
2515,姚凯,黄建中
2516,卢济威,陈泳
2517,吕斌,祁磊
2518,钮心毅,宋小冬
2519,钮心毅,高晓昱
2520,宋小冬,高晓昱
2521,翟宝辉,王如松
2522,翟宝辉,李博
2523,王如松,李博
2524,罗仁朝,王德
2525,袁媛,许学强
2526,夏健,王勇
2527,夏健,李广斌
2528,王勇,李广斌
2529,吴建川,郝书文
2530,邰杰,陆韡
2531,周江评,邱少俊
2532,段进,邱国潮
2533,王桂新,沈续雷
2534,王桂新,徐丽
2535,沈续雷,徐丽
2536,阮仪三,袁菲
2537,郑醉文,沈清基
2538,李祥龙,卢传晓
2539,杨俊宴,陈雯
2540,刘贤腾,顾朝林
2541,柳意云,冯满
2542,柳意云,闫小培
2543,冯满,闫小培
2544,田莉,吕传廷
2545,田莉,沈体雁
2546,吕传廷,沈体雁
2547,谭少华,赵万民
2548,杨春侠,卢济威
2549,汪昭兵,杨永春
2550,李立勋,李郇
2551,丹尼尔·比奥,高延伟
2552,丁成日,郭湘闽
2553,丁成日,何剑鸣
2554,丁成日,崔晗
2555,郭湘闽,何剑鸣
2556,郭湘闽,崔晗
2557,何剑鸣,崔晗
2558,石忆邵,彭志宏
2559,石忆邵,陈华杰
2560,石忆邵,陈永鉴
2561,石忆邵,范华
2562,彭志宏,陈华杰
2563,彭志宏,陈永鉴
2564,彭志宏,范华
2565,陈华杰,陈永鉴
2566,陈华杰,范华
2567,陈永鉴,范华
2568,李振宇,邓丰
2569,李迅,张国华
2570,李迅,黄坤鹏
2571,张国华,黄坤鹏
2572,潘海啸,汤諹
2573,潘海啸,吴锦瑜
2574,潘海啸,卢源
2575,潘海啸,张仰斐
2576,汤諹,吴锦瑜
2577,汤諹,卢源
2578,汤諹,张仰斐
2579,吴锦瑜,卢源
2580,吴锦瑜,张仰斐
2581,卢源,张仰斐
2582,黄一如,贺永
2583,黄一如,郭戈
2584,贺永,郭戈
2585,龙瀛,毛其智
2586,龙瀛,沈振江
2587,龙瀛,杜立群
2588,龙瀛,高占平
2589,毛其智,沈振江
2590,毛其智,杜立群
2591,毛其智,高占平
2592,沈振江,杜立群
2593,沈振江,高占平
2594,杜立群,高占平
2595,罗仁朝,王德
2596,王骏,张樵
2597,王骏,屈军
2598,张樵,屈军
2599,冯晓星,徐国良
2600,冯晓星,张慧
2601,徐国良,张慧
2602,王凯,陈明
2603,于涛方,李娜
2604,于涛方,吴志强
2605,李娜,吴志强
2606,陈宏军,施源
2607,唐子来,赵渺希
2608,董贺轩,卢济威
2609,王忆云,栾峰
2610,郑文晖,宋小冬
2611,郑卫,丁康乐
2612,郑卫,李京生
2613,丁康乐,李京生
2614,曾真,李津逵
2615,孙斌栋,刘学良
2616,石楠,刘剑
2617,徐毅松,石崧
2618,徐毅松,范宇
2619,石崧,范宇
2620,刘奇志,何梅
2621,刘奇志,汪云
2622,何梅,汪云
2623,冯科,吴次芳
2624,冯科,韩昊英
2625,吴次芳,韩昊英
2626,刘贤腾,潘海啸
2627,张俊,王世军
2628,周江评,廖宇航
2629,张从果,杨永春
2630,钱欣,王德
2631,钱欣,孙烨
2632,王德,孙烨
2633,翟斌庆,伍美琴
2634,文超祥,马武定
2635,项秉仁,祁涛
2636,潘聪林,韦亚平
2637,周向频,吴伟勇
2638,吴长福,张尚武
2639,吴长福,卢永毅
2640,吴长福,吴承照
2641,吴长福,汤朔宁
2642,张尚武,卢永毅
2643,张尚武,吴承照
2644,张尚武,汤朔宁
2645,卢永毅,吴承照
2646,卢永毅,汤朔宁
2647,吴承照,汤朔宁
2648,陈鹰,黄磊昌
2649,陈鹰,王祥荣
2650,黄磊昌,王祥荣
2651,俞斯佳,骆悰
2652,彭敏学,赵民
2653,顾朝林,谭纵波
2654,顾朝林,刘宛
2655,顾朝林,于涛方
2656,顾朝林,韩青
2657,顾朝林,刘合林
2658,顾朝林,戴亦欣
2659,顾朝林,刘志林
2660,顾朝林,郑思齐
2661,谭纵波,刘宛
2662,谭纵波,于涛方
2663,谭纵波,韩青
2664,谭纵波,刘合林
2665,谭纵波,戴亦欣
2666,谭纵波,刘志林
2667,谭纵波,郑思齐
2668,刘宛,于涛方
2669,刘宛,韩青
2670,刘宛,刘合林
2671,刘宛,戴亦欣
2672,刘宛,刘志林
2673,刘宛,郑思齐
2674,于涛方,韩青
2675,于涛方,刘合林
2676,于涛方,戴亦欣
2677,于涛方,刘志林
2678,于涛方,郑思齐
2679,韩青,刘合林
2680,韩青,戴亦欣
2681,韩青,刘志林
2682,韩青,郑思齐
2683,刘合林,戴亦欣
2684,刘合林,刘志林
2685,刘合林,郑思齐
2686,戴亦欣,刘志林
2687,戴亦欣,郑思齐
2688,刘志林,郑思齐
2689,姚胜永,潘海啸
2690,谭少华,段炼
2691,谭少华,赵万民
2692,谭少华,宋晓霞
2693,段炼,赵万民
2694,段炼,宋晓霞
2695,赵万民,宋晓霞
2696,何建龙,陈秉钊
2697,张国华,李迅
2698,张国华,马俊来
2699,李迅,马俊来
2700,刘抚英,栗德祥
2701,蒋丽,吴缚龙
2702,孙施文,张美靓
2703,夏南凯,王岱霞
2704,洪世键,张京祥
2705,余猛,吕斌
2706,余猛,孙建欣
2707,吕斌,孙建欣
2708,张中华,张沛
2709,张中华,王兴中
2710,张中华,余侃华
2711,张沛,王兴中
2712,张沛,余侃华
2713,王兴中,余侃华
2714,陈飞,诸大建
2715,冒亚龙,何镜堂
2716,孙良,黄一如
2717,董晶晶,金广君
2718,江泓,张四维
2719,洪再生,丁灵鸽
2720,汤宇卿,王宝宇
2721,汤宇卿,张勇民
2722,王宝宇,张勇民
2723,李君兰,白鹏
2724,李君兰,宋彦
2725,白鹏,宋彦
2726,吴之凌,汪勰
2727,王晶,曾坚
2728,王晶,苏毅
2729,曾坚,苏毅
2730,王德,宋煜
2731,王德,沈迟
2732,王德,朱查松
2733,宋煜,沈迟
2734,宋煜,朱查松
2735,沈迟,朱查松
2736,袁牧,张晓光
2737,袁牧,杨明
2738,张晓光,杨明
2739,宋小冬,田峰
2740,王建波,阮仪三
2741,黄建中,吴志城
2742,张庭伟,Richard LeGates
2743,王国恩,唐勇
2744,王国恩,魏宗财
2745,王国恩,荆万里
2746,唐勇,魏宗财
2747,唐勇,荆万里
2748,魏宗财,荆万里
2749,吴志城,钱晨佳
2750,种小毛,卢济威
2751,种小毛,辛潇
2752,卢济威,辛潇
2753,董奇,戴晓玲
2754,温春阳,周永章
2755,金云峰,周聪惠
2756,黄岩,黄夏飞
2757,黄岩,李彬
2758,黄夏飞,李彬
2759,王德,马力
2760,潘海啸,陈国伟
2761,郭亮,贺慧
2762,于一丁,黄宁
2763,于一丁,万昆
2764,黄宁,万昆
2765,宋小冬,田峰
2766,惠英,张玉鑫
2767,惠英,杨东援
2768,惠英,陈君
2769,张玉鑫,杨东援
2770,张玉鑫,陈君
2771,杨东援,陈君
2772,周向频,唐静云
2773,李百浩,李季
2774,赵燕菁,刘昭吟
2775,赵燕菁,庄淑亭
2776,刘昭吟,庄淑亭
2777,赵钢,朱直君
2778,黄明华,王阳
2779,黄明华,步茵
2780,王阳,步茵
2781,陈飞,诸大建
2782,陈飞,许琨
2783,诸大建,许琨
2784,牛长春,李沛
2785,牛长春,李文彬
2786,李沛,李文彬
2787,耿宏兵,曹广忠
2788,葛丹东,华晨
2789,杨忠伟,岳晓群
2790,刘晔,李志刚
2791,刘晔,吴缚龙
2792,李志刚,吴缚龙
2793,苏建忠,罗裕霖
2794,张秀芹,洪再生
2795,龙宏,王纪武
2796,丁宇,林姚宇
2797,丁宇,路旭
2798,林姚宇,路旭
2799,王警,方音
2800,唐子来,赵渺希
2801,王世营,诸大建
2802,王世营,臧漫丹
2803,诸大建,臧漫丹
2804,杨东峰,毛其智
2805,杨东峰,龙瀛
2806,毛其智,龙瀛
2807,孙斌栋,石巍
2808,孙斌栋,宁越敏
2809,石巍,宁越敏
2810,毕秀晶,李仙德
2811,袁媛,吴缚龙
2812,田洁,贾进
2813,杨贵庆,庞磊
2814,杨贵庆,宋代军
2815,杨贵庆,陈菁菁
2816,庞磊,宋代军
2817,庞磊,陈菁菁
2818,宋代军,陈菁菁
2819,王兴平,赵虎
2820,张祚,朱介鸣
2821,张祚,李江风
2822,朱介鸣,李江风
2823,闫萍,戴慎志
2824,陈秉钊,罗志刚
2825,陈秉钊,王德
2826,罗志刚,王德
2827,杨廉,袁奇峰
2828,田莉,孙玥
2829,王莉莉,史怀昱
2830,王莉莉,杨晓娟
2831,王莉莉,闫文静
2832,史怀昱,杨晓娟
2833,史怀昱,闫文静
2834,杨晓娟,闫文静
2835,谷海洪,诸大建
2836,于卫红,于冠瑞
2837,阮仪三,袁菲
2838,陈科,戴志中
2839,刘贤腾,顾朝林
2840,宋小冬,庞磊
2841,宋小冬,孙澄宇
2842,庞磊,孙澄宇
2843,王天青,冯启凤
2844,王天青,毕波
2845,冯启凤,毕波
2846,王伟强,丁国胜
2847,刘奇志,祝莹
2848,刘奇志,刘李琨
2849,刘奇志,成钢
2850,刘奇志,徐莎莎
2851,祝莹,刘李琨
2852,祝莹,成钢
2853,祝莹,徐莎莎
2854,刘李琨,成钢
2855,刘李琨,徐莎莎
2856,成钢,徐莎莎
2857,李旭,赵万民
2858,邵甬,辜元
2859,张新兰,陈晓
2860,周向频,刘源源
2861,吴志强,肖建莉
2862,唐子来,冯立
2863,唐子来,奚慧
2864,冯立,奚慧
2865,王新军,敬东
2866,王新军,苏海龙
2867,敬东,苏海龙
2868,钱欣,王德
2869,钱欣,马力
2870,王德,马力
2871,扈万泰,宋思曼
2872,朱昕虹,崔延涛
2873,罗志刚,胡蓉
2874,孙施文,邹涛
2875,赵民,刘婧
2876,汪坚强,于立
2877,李百浩,郭明
2878,杨贵庆,韩倩倩
2879,杨贵庆,聂梦遥
2880,杨贵庆,陈菁菁
2881,杨贵庆,刘丽
2882,韩倩倩,聂梦遥
2883,韩倩倩,陈菁菁
2884,韩倩倩,刘丽
2885,聂梦遥,陈菁菁
2886,聂梦遥,刘丽
2887,陈菁菁,刘丽
2888,吕传廷,吴超
2889,吕传廷,严明昆
2890,吴超,严明昆
2891,赵群毅,周一星
2892,顾朝林,马婷
2893,顾朝林,袁晓辉
2894,顾朝林,张晓明
2895,顾朝林,董广宇
2896,顾朝林,郭婧
2897,顾朝林,王旭
2898,马婷,袁晓辉
2899,马婷,张晓明
2900,马婷,董广宇
2901,马婷,郭婧
2902,马婷,王旭
2903,袁晓辉,张晓明
2904,袁晓辉,董广宇
2905,袁晓辉,郭婧
2906,袁晓辉,王旭
2907,张晓明,董广宇
2908,张晓明,郭婧
2909,张晓明,王旭
2910,董广宇,郭婧
2911,董广宇,王旭
2912,郭婧,王旭
2913,邵源,李贵才
2914,邵源,宋家骅
2915,邵源,赵一斌
2916,李贵才,宋家骅
2917,李贵才,赵一斌
2918,宋家骅,赵一斌
2919,许景,王兴平
2920,徐苗,杨震
2921,赵万民,魏晓芳
2922,谭少华,郭剑锋
2923,谭少华,江毅
2924,郭剑锋,江毅
2925,王德,顾晶
2926,郭湘闽,刘漪
2927,郭湘闽,魏立华
2928,刘漪,魏立华
2929,何芳,李晓丽
2930,王骏,张照
2931,王骏,温晓诣
2932,张照,温晓诣
2933,李百浩,吴皓
2934,张庭伟,于洋
2935,沈丽珍,顾朝林
2936,沈丽珍,甄锋
2937,顾朝林,甄锋
2938,陈浩,张京祥
2939,陈浩,吴启焰
2940,张京祥,吴启焰
2941,任绍斌,吴明伟
2942,胡晓玲,徐建刚
2943,胡晓玲,童江华
2944,胡晓玲,孙鸿洁
2945,徐建刚,童江华
2946,徐建刚,孙鸿洁
2947,童江华,孙鸿洁
2948,沈清基,安超
2949,沈清基,刘昌寿
2950,安超,刘昌寿
2951,宋小冬,吕迪
2952,陈群民,吴也白
2953,陈群民,刘学华
2954,吴也白,刘学华
2955,徐卞融,吴晓
2956,叶彭姚,陈小鸿
2957,叶彭姚,崔叙
2958,陈小鸿,崔叙
2959,华晨,马倩
2960,谭敏,李和平
2961,张京祥,陈浩
2962,官卫华,刘正平
2963,官卫华,叶菁华
2964,刘正平,叶菁华
2965,秦贤宏,段学军
2966,秦贤宏,魏也华
2967,段学军,魏也华
2968,叶祖达,刘京
2969,叶祖达,王静懿
2970,刘京,王静懿
2971,吴承照,陶聪
2972,孙斌栋,李南菲
2973,孙斌栋,宋杰洁
2974,孙斌栋,吴晓松
2975,李南菲,宋杰洁
2976,李南菲,吴晓松
2977,宋杰洁,吴晓松
2978,潘海啸,王晓博
2979,潘海啸,Jennifer Day
2980,王晓博,Jennifer Day
2981,王晶,曾坚
2982,王晶,刘畅
2983,曾坚,刘畅
2984,陈前虎,吴一洲
2985,陈前虎,郭敏燕
2986,吴一洲,郭敏燕
2987,蔡军,陈飞
2988,蔡军,李菲
2989,陈飞,李菲
2990,郑文升,金玉霞
2991,郑文升,王晓芳
2992,郑文升,丁四保
2993,金玉霞,王晓芳
2994,金玉霞,丁四保
2995,王晓芳,丁四保
2996,袁新国,王兴平
2997,张松,薛里莹
2998,杨保军,陈鹏
2999,张晓玲,詹运洲
3000,张晓玲,蔡玉梅
3001,张晓玲,左玉强
3002,詹运洲,蔡玉梅
3003,詹运洲,左玉强
3004,蔡玉梅,左玉强
3005,易虹,叶嘉安
3006,于文波,王竹
3007,于文波,孟海宁
3008,王竹,孟海宁
3009,夏南凯,乔玮
3010,夏南凯,刘晟
3011,乔玮,刘晟
3012,沈清基,徐溯源
3013,沈清基,刘立耘
3014,沈清基,李小兰
3015,沈清基,钱婵英
3016,徐溯源,刘立耘
3017,徐溯源,李小兰
3018,徐溯源,钱婵英
3019,刘立耘,李小兰
3020,刘立耘,钱婵英
3021,李小兰,钱婵英
3022,王新哲,刘晓
3023,姚凯,胡德
3024,刘堃,金广君
3025,钮心毅,徐方
3026,王鹤,董卫
3027,李迅,刘琰
3028,周剑云,戚冬瑾
3029,杨保军,赵群毅
3030,杨保军,查克
3031,杨保军,徐有钢
3032,赵群毅,查克
3033,赵群毅,徐有钢
3034,查克,徐有钢
3035,罗震东,何鹤鸣
3036,罗震东,耿磊
3037,何鹤鸣,耿磊
3038,赵渺希,陈晨
3039,覃盟琳,吴承照
3040,詹运洲,李艳
3041,杨培峰,孟丽丽
3042,杨培峰,杜宽亮
3043,孟丽丽,杜宽亮
3044,程遥,杨博
3045,程遥,赵民
3046,杨博,赵民
3047,何丹,王梦珂
3048,何丹,瀨田史彦
3049,何丹,朱小平
3050,王梦珂,瀨田史彦
3051,王梦珂,朱小平
3052,瀨田史彦,朱小平
3053,倪文岩,刘智勇
3054,周锐波,周素红
3055,乌再荣,鲍家声
3056,徐振,韩凌云
3057,徐振,杜顺宝
3058,韩凌云,杜顺宝
3059,杨帆,潘海啸
3060,李峰清,赵民
3061,张国华,周乐
3062,张国华,黄坤鹏
3063,张国华,王有为
3064,周乐,黄坤鹏
3065,周乐,王有为
3066,黄坤鹏,王有为
3067,吕斌,刘津玉
3068,颜文涛,王正
3069,颜文涛,韩贵锋
3070,颜文涛,叶林
3071,王正,韩贵锋
3072,王正,叶林
3073,韩贵锋,叶林
3074,杨东峰,殷成志
3075,杨东峰,龙瀛
3076,殷成志,龙瀛
3077,田莉,戈壁青
3078,运迎霞,杨德进
3079,运迎霞,卢思佳
3080,杨德进,卢思佳
3081,朱勍,胡德
3082,杨震,徐苗
3083,李百浩,邹涵
3084,吴志强,仇勇懿
3085,吴志强,干靓
3086,吴志强,刘朝晖
3087,吴志强,陈锦清
3088,吴志强,王兰
3089,仇勇懿,干靓
3090,仇勇懿,刘朝晖
3091,仇勇懿,陈锦清
3092,仇勇懿,王兰
3093,干靓,刘朝晖
3094,干靓,陈锦清
3095,干靓,王兰
3096,刘朝晖,陈锦清
3097,刘朝晖,王兰
3098,陈锦清,王兰
3099,周俭,王洛轩
3100,周俭,李毅
3101,王洛轩,李毅
3102,陈飞,诸大建
3103,李迅,刘琰
3104,陈琳,石崧
3105,陈琳,王玲慧
3106,石崧,王玲慧
3107,陈晨,赵民
3108,张震宇,魏立华
3109,何丹,杨犇
3110,周向频,刘源源
3111,陆敏,阳建强
3112,荣玥芳,郭思维
3113,荣玥芳,张云峰
3114,郭思维,张云峰
3115,王兰,刘刚
3116,黄亚平,冯艳
3117,黄亚平,张毅
3118,黄亚平,王洁心
3119,冯艳,张毅
3120,冯艳,王洁心
3121,张毅,王洁心
3122,黄苏萍,朱咏
3123,万艳华,罗丹
3124,万艳华,余思雨
3125,罗丹,余思雨
3126,陈旭,陶小马
3127,陈旭,谭婧
3128,陶小马,谭婧
3129,彭建,王雪松
3130,饶传坤,韩卫敏
3131,任晋锋,吕斌
3132,姚文琪,郑玉颜
3133,王德,许尊
3134,王德,朱玮
3135,许尊,朱玮
3136,赫磊,戴慎志
3137,赫磊,宋彦
3138,戴慎志,宋彦
3139,阮仪三,袁菲
3140,邵甬,陈悦
3141,邵甬,姚轶峰
3142,陈悦,姚轶峰
3143,李百浩,罗文静
3144,李百浩,黄立
3145,罗文静,黄立
3146,赵民,程遥
3147,赵民,汪军
3148,程遥,汪军
3149,王旭辉,孙斌栋
3150,柴彦威,肖作鹏
3151,柴彦威,张艳
3152,肖作鹏,张艳
3153,何鹤鸣,张京祥
3154,汪思彤,杨东峰
3155,王德,郭洁
3156,刘畅,潘海啸
3157,刘畅,贾晓韡
3158,潘海啸,贾晓韡
3159,叶林,邢忠
3160,叶林,颜文涛
3161,邢忠,颜文涛
3162,袁新国,王兴平
3163,袁新国,滕珊珊
3164,袁新国,黎智辉
3165,王兴平,滕珊珊
3166,王兴平,黎智辉
3167,滕珊珊,黎智辉
3168,武前波,黄杉
3169,武前波,徐鑫
3170,黄杉,徐鑫
3171,李王鸣,应云仙
3172,黄家平,肖大威
3173,黄家平,贺大东
3174,黄家平,许吉航
3175,肖大威,贺大东
3176,肖大威,许吉航
3177,贺大东,许吉航
3178,周铁军,黄一滔
3179,周铁军,王雪松
3180,黄一滔,王雪松
3181,王德,干迪
3182,王德,朱查松
3183,王德,陆锡明
3184,干迪,朱查松
3185,干迪,陆锡明
3186,朱查松,陆锡明
3187,杨俊宴,章飙
3188,杨俊宴,史宜
3189,章飙,史宜
3190,石忆邵,王贺封
3191,杨保军,陈鹏
3192,刘堃,李贵才
3193,刘堃,尹小玲
3194,刘堃,徐丽
3195,李贵才,尹小玲
3196,李贵才,徐丽
3197,尹小玲,徐丽
3198,赵民,雷诚
3199,宁越敏,张凡
3200,洪亮平,程望杰
3201,魏广君,董伟
3202,魏广君,孙晖
3203,董伟,孙晖
3204,马晓亚,袁奇峰
3205,万艳华,汪军
3206,万艳华,卢彧
3207,万艳华,余思雨
3208,万艳华,程晓夏
3209,汪军,卢彧
3210,汪军,余思雨
3211,汪军,程晓夏
3212,卢彧,余思雨
3213,卢彧,程晓夏
3214,余思雨,程晓夏
3215,李百浩,邹涵
3216,陈蔚镇,朱俊
3217,陈蔚镇,樊正球
3218,陈蔚镇,陈兴龙
3219,陈蔚镇,范谦
3220,朱俊,樊正球
3221,朱俊,陈兴龙
3222,朱俊,范谦
3223,樊正球,陈兴龙
3224,樊正球,范谦
3225,陈兴龙,范谦
3226,马力,王德
3227,王颖,孙斌栋
3228,王颖,乔森
3229,王颖,周洪涛
3230,孙斌栋,乔森
3231,孙斌栋,周洪涛
3232,乔森,周洪涛
3233,何为,黄贤金
3234,张京祥,王旭
3235,牛强,宋小冬
3236,李郇,殷江滨
3237,袁媛,邓宇
3238,袁媛,于立
3239,袁媛,张晓丽
3240,邓宇,于立
3241,邓宇,张晓丽
3242,于立,张晓丽
3243,张磊,王紫辰
3244,扈万泰,Peter Calthorpe
3245,郭思维,李桂文
3246,郭思维,俞滨洋
3247,李桂文,俞滨洋
3248,冯晓星,尹莹
3249,陈蔚镇,蔡文婷
3250,熊鲁霞,黄吉铭
3251,王法成,范颖
3252,王法成,余颖
3253,范颖,余颖
3254,顾浩,陈勇
3255,陶伟,蒋伟
3256,赵民,郝晋伟
3257,王凯,徐辉
3258,王世福,赵渺希
3259,沈清基,方芳
3260,吴伟,杨继梅
3261,盛洪涛,汪云
3262,杨忠伟,徐勇
3263,黄建中,刘媛
3264,黄建中,桑劲
3265,刘媛,桑劲
3266,孙超,王波
3267,孙超,张云龙
3268,孙超,徐建闽
3269,王波,张云龙
3270,王波,徐建闽
3271,张云龙,徐建闽
3272,邓一凌,过秀成
3273,邓一凌,严亚丹
3274,邓一凌,窦雪萍
3275,邓一凌,费跃
3276,过秀成,严亚丹
3277,过秀成,窦雪萍
3278,过秀成,费跃
3279,严亚丹,窦雪萍
3280,严亚丹,费跃
3281,窦雪萍,费跃
3282,胡晶,张国华
3283,胡晶,黄珂
3284,胡晶,王金秋
3285,张国华,黄珂
3286,张国华,王金秋
3287,黄珂,王金秋
3288,黄宁,徐志红
3289,黄宁,徐莎莎
3290,徐志红,徐莎莎
3291,刘晓星,陈易
3292,余庄,张辉
3293,陈明,王凯
3294,顾朝林,刘宛
3295,顾朝林,郭婧
3296,顾朝林,俞滨洋
3297,顾朝林,于亚滨
3298,刘宛,郭婧
3299,刘宛,俞滨洋
3300,刘宛,于亚滨
3301,郭婧,俞滨洋
3302,郭婧,于亚滨
3303,俞滨洋,于亚滨
3304,黄亚平,林小如
3305,马健,张立
3306,马健,赵民
3307,张立,赵民
3308,刘保奎,冯长春
3309,许世光,魏立华
3310,张雪松,周熔
3311,张雪松,张虹
3312,周熔,张虹
3313,莫文竞,夏南凯
3314,涂志华,王兴平
3315,方豪杰,周玉斌
3316,方豪杰,王婷
3317,方豪杰,邹为
3318,周玉斌,王婷
3319,周玉斌,邹为
3320,王婷,邹为
3321,吴承照,王婧
3322,李和平,薛威
3323,周向频,陈喆华
3324,汪劲柏,赵民
3325,沈兵明,吴新宇
3326,贺传皎,王旭
3327,贺传皎,邹兵
3328,王旭,邹兵
3329,叶玉瑶,张虹鸥
3330,叶玉瑶,许学强
3331,叶玉瑶,吴旗韬
3332,张虹鸥,许学强
3333,张虹鸥,吴旗韬
3334,许学强,吴旗韬
3335,车乐,邓小兵
3336,颜文涛,萧敬豪
3337,颜文涛,胡海
3338,颜文涛,邹锦
3339,萧敬豪,胡海
3340,萧敬豪,邹锦
3341,胡海,邹锦
3342,陈蔚镇,刘滨谊
3343,陈蔚镇,黄筱敏
3344,刘滨谊,黄筱敏
3345,朱玮,庞宇琦
3346,朱玮,王德
3347,朱玮,余雄伟
3348,庞宇琦,王德
3349,庞宇琦,余雄伟
3350,王德,余雄伟
3351,史源,任超
3352,史源,吴恩融
3353,任超,吴恩融
3354,王骏,夏南凯
3355,王骏,刘斯捷
3356,王骏,陈晶莹
3357,夏南凯,刘斯捷
3358,夏南凯,陈晶莹
3359,刘斯捷,陈晶莹
3360,李浩,王婷琳
3361,沈清基,张鑫
3362,沈清基,周原田
3363,张鑫,周原田
3364,杨廉,袁奇峰
3365,程慧,刘玉亭
3366,程慧,何深静
3367,刘玉亭,何深静
3368,顿明明,赵民
3369,陈燕萍,张艳
3370,陈燕萍,金鑫
3371,陈燕萍,胡乃彦
3372,张艳,金鑫
3373,张艳,胡乃彦
3374,金鑫,胡乃彦
3375,蒋勇,刘利
3376,蒋勇,何波
3377,刘利,何波
3378,邓小兵,车乐
3379,官卫华,林小虎
3380,陈泳,何宁
3381,赵华勤,张如林
3382,赵华勤,杨晓光
3383,赵华勤,周焱
3384,张如林,杨晓光
3385,张如林,周焱
3386,杨晓光,周焱
3387,扈万泰,严爱琼
3388,方伟,赵民
3389,马海涛,方创琳
3390,马海涛,王少剑
3391,方创琳,王少剑
3392,彭芳乐,赵景伟
3393,彭芳乐,柳昆
3394,彭芳乐,李佳川
3395,赵景伟,柳昆
3396,赵景伟,李佳川
3397,柳昆,李佳川
3398,牛强,宋小冬
3399,牛强,周婕
3400,宋小冬,周婕
3401,黄立,李百浩
3402,黄立,孙应丹
3403,李百浩,孙应丹
3404,周珂慧,姜劲松
3405,顾绯,刘睿
3406,曹康,刘昭
3407,袁红,赵世晨
3408,袁红,戴志中
3409,赵世晨,戴志中
3410,赵民,陈晨
3411,赵民,郁海文
3412,陈晨,郁海文
3413,尹宏玲,徐腾
3414,单卓然,黄亚平
3415,包存宽,林健枝
3416,包存宽,陈永勤
3417,包存宽,李天威
3418,林健枝,陈永勤
3419,林健枝,李天威
3420,陈永勤,李天威
3421,冯叙,刘国平
3422,冯叙,张云
3423,冯叙,王伯伟
3424,刘国平,张云
3425,刘国平,王伯伟
3426,张云,王伯伟
3427,杨东峰,殷成志
3428,栾志理,朴锺澈
3429,华晨,洪祎丹
3430,华晨,王颖芳
3431,华晨,张彦芝
3432,华晨,鲁志华
3433,洪祎丹,王颖芳
3434,洪祎丹,张彦芝
3435,洪祎丹,鲁志华
3436,王颖芳,张彦芝
3437,王颖芳,鲁志华
3438,张彦芝,鲁志华
3439,卢涛,华华
3440,孙斌栋,涂婷
3441,孙斌栋,石巍
3442,孙斌栋,郭研苓
3443,涂婷,石巍
3444,涂婷,郭研苓
3445,石巍,郭研苓
3446,栾峰,王怀
3447,栾峰,安悦
3448,王怀,安悦
3449,王德,段文婷
3450,王德,马林志
3451,段文婷,马林志
3452,唐伟成,罗震东
3453,唐伟成,耿磊
3454,罗震东,耿磊
3455,李继军,王正海
3456,赵晨,申明锐
3457,赵晨,张京祥
3458,申明锐,张京祥
3459,彭震伟,王云才
3460,彭震伟,高璟
3461,王云才,高璟
3462,孙艺冰,张玉坤
3463,杨新海,洪亘伟
3464,杨新海,赵剑锋
3465,洪亘伟,赵剑锋
3466,张远,周宏文
3467,张远,罗灵军
3468,周宏文,罗灵军
3469,Chris Webster,唐韵雯
3470,Chris Webster,汪轶溟
3471,唐韵雯,汪轶溟
3472,孙建欣,林永新
3473,买静,张京祥
3474,许凯,Klaus Semsroth
3475,文超祥,马武定
3476,赵蔚,汪军
3477,金云峰,周聪惠
3478,冯萤雪,李桂文
3479,李广斌,王勇
3480,李广斌,袁中金
3481,王勇,袁中金
3482,张艳,赵民
3483,黄慧明,田银生
3484,黄慧明,陈虹
3485,田银生,陈虹
3486,钮心毅,李凯克
3487,张萍,张玉鑫
3488,张振广,张尚武
3489,潘悦,洪亮平
3490,黄明华,王阳
3491,杨东峰,熊国平
3492,杨东峰,王静文
3493,熊国平,王静文
3494,李晨,姚文琪
3495,李晨,程龙
3496,李晨,郭晓建
3497,姚文琪,程龙
3498,姚文琪,郭晓建
3499,程龙,郭晓建
3500,耿健,张兵
3501,耿健,王宏远
3502,张兵,王宏远
3503,王鹰翅,田山川
3504,王鹰翅,胡峰
3505,王鹰翅,李晓军
3506,田山川,胡峰
3507,田山川,李晓军
3508,胡峰,李晓军
3509,戴慎志,刘婷婷
3510,卢济威,杨春侠
3511,卢济威,耿慧志
3512,杨春侠,耿慧志
3513,郝晋伟,赵民
3514,陈家祥,王兴平
3515,冯立,唐子来
3516,田莉,梁印龙
3517,胥明明,杨保军
3518,丁国胜,蔡娟
3519,谢波,周婕
3520,赖寿华,黄慧明
3521,赖寿华,陈嘉平
3522,赖寿华,陈晓明
3523,黄慧明,陈嘉平
3524,黄慧明,陈晓明
3525,陈嘉平,陈晓明
3526,宋博,陈晨
3527,关于,阳建强
3528,刘奇志,罗巧灵
3529,杨俊宴,潘奕巍
3530,杨俊宴,史北祥
3531,潘奕巍,史北祥
3532,陶小马,陈旭
3533,郑德高,闫岩
3534,郑德高,朱郁郁
3535,闫岩,朱郁郁
3536,王利伟,赵明
3537,周剑云,戚冬瑾
3538,占思思,盛鸣
3539,占思思,樊华
3540,盛鸣,樊华
3541,王成芳,孙一民
3542,于一凡,李继军
3543,戴德胜,姚迪
3544,戴德胜,段进
3545,姚迪,段进
3546,陈浩,孙娟
3547,郭建,孙惠莲
3548,阮仪三,袁菲
3549,阮仪三,肖建莉
3550,袁菲,肖建莉
3551,扈万泰,付帅
3552,朱介鸣,郭炎
3553,夏南凯,程上
3554,赵渺希,魏冀明
3555,赵渺希,吴康
3556,魏冀明,吴康
3557,朱查松,王德
3558,朱查松,赵倩
3559,朱查松,许尊
3560,朱查松,陆锡明
3561,王德,赵倩
3562,王德,许尊
3563,王德,陆锡明
3564,赵倩,许尊
3565,赵倩,陆锡明
3566,许尊,陆锡明
3567,何舟,宋杰洁
3568,何舟,孙斌栋
3569,宋杰洁,孙斌栋
3570,许凯,Klaus Semsroth
3571,饶传坤,李军洪
3572,饶传坤,侯建辉
3573,饶传坤,陈丽
3574,饶传坤,周舟
3575,饶传坤,任艳
3576,李军洪,侯建辉
3577,李军洪,陈丽
3578,李军洪,周舟
3579,李军洪,任艳
3580,侯建辉,陈丽
3581,侯建辉,周舟
3582,侯建辉,任艳
3583,陈丽,周舟
3584,陈丽,任艳
3585,周舟,任艳
3586,万励,金鹰
3587,盛洪涛,殷毅
3588,盛洪涛,陈伟
3589,盛洪涛,彭阳
3590,殷毅,陈伟
3591,殷毅,彭阳
3592,陈伟,彭阳
3593,刘迪,孙娟
3594,刘迪,刘璟
3595,孙娟,刘璟
3596,金云峰,王小烨
3597,李晓江,尹强
3598,李晓江,张娟
3599,李晓江,张永波
3600,李晓江,桂萍
3601,李晓江,张峰
3602,尹强,张娟
3603,尹强,张永波
3604,尹强,桂萍
3605,尹强,张峰
3606,张娟,张永波
3607,张娟,桂萍
3608,张娟,张峰
3609,张永波,桂萍
3610,张永波,张峰
3611,桂萍,张峰
3612,唐子来,李涛
3613,王世福,刘铮
3614,王世福,赵渺希
3615,王世福,邓昭华
3616,刘铮,赵渺希
3617,刘铮,邓昭华
3618,赵渺希,邓昭华
3619,郑德高,孙娟
3620,杨俊宴,史宜
3621,王国恩,汪文婷
3622,王国恩,周恒
3623,汪文婷,周恒
3624,魏宗财,陈婷婷
3625,魏宗财,甄峰
3626,魏宗财,王波
3627,陈婷婷,甄峰
3628,陈婷婷,王波
3629,甄峰,王波
3630,郁海文,陈晨
3631,郁海文,赵民
3632,陈晨,赵民
3633,伍敏,杨一帆
3634,伍敏,肖礼军
3635,杨一帆,肖礼军
3636,吴志强,刘朝晖
3637,鲁晓军,孙明芳
3638,张兵,林永新
3639,张兵,刘宛
3640,张兵,孙建欣
3641,林永新,刘宛
3642,林永新,孙建欣
3643,刘宛,孙建欣
3644,顾竹屹,赵民
3645,顾竹屹,张捷
3646,赵民,张捷
3647,黄金川,刘倩倩
3648,黄金川,陈明
3649,刘倩倩,陈明
3650,王磊,沈建法
3651,任超,袁超
3652,任超,何正军
3653,任超,吴恩融
3654,袁超,何正军
3655,袁超,吴恩融
3656,何正军,吴恩融
3657,杨沛儒,权纪戈
3658,李雪松,陈宏
3659,李雪松,张苏利
3660,陈宏,张苏利
3661,黄建中,余波
3662,何依,邓巍
3663,程国辉,施莉
3664,程国辉,黄洁
3665,施莉,黄洁
3666,徐磊青,康琦
3667,张译丹,王兴平
3668,张译丹,胡幸
3669,王兴平,胡幸
3670,赵民,李峰清
3671,赵民,徐素
3672,李峰清,徐素
3673,宋小冬,罗智丰
3674,杨俊宴,钱舒皓
3675,朱查松,王德
3676,朱查松,罗震东
3677,王德,罗震东
3678,王兰,王灿
3679,王兰,陈晨
3680,王兰,顾浩
3681,王灿,陈晨
3682,王灿,顾浩
3683,陈晨,顾浩
3684,唐伟成,彭震伟
3685,唐伟成,陈浩
3686,彭震伟,陈浩
3687,刘海涛,吴志强
3688,董洁霜,范炳全
3689,李建华,王嘉
3690,周锐,王新军
3691,周锐,苏海龙
3692,周锐,钱欣
3693,周锐,孙冰
3694,王新军,苏海龙
3695,王新军,钱欣
3696,王新军,孙冰
3697,苏海龙,钱欣
3698,苏海龙,孙冰
3699,钱欣,孙冰
3700,赵烨,王建国
3701,刘曦婷,周向频
3702,尹泽凯,张玉坤
3703,尹泽凯,谭立峰
3704,张玉坤,谭立峰
3705,吴志强,柏旸
3706,李彤玥,牛品一
3707,李彤玥,顾朝林
3708,牛品一,顾朝林
3709,肖扬,Alain Chiaradia
3710,肖扬,宋小冬
3711,Alain Chiaradia,宋小冬
3712,郑俊,袁锦富
3713,郑俊,赵毅
3714,袁锦富,赵毅
3715,单卓然,黄亚平
3716,单卓然,张衔春
3717,黄亚平,张衔春
3718,陈映雪,甄峰
3719,汪鑫,罗震东
3720,汪鑫,朱查松
3721,汪鑫,曹子威
3722,罗震东,朱查松
3723,罗震东,曹子威
3724,朱查松,曹子威
3725,杨东峰,孙娜
3726,刘冰,颜淋丽
3727,刘冰,张涵双
3728,刘冰,王志玮
3729,刘冰,何兆阳
3730,颜淋丽,张涵双
3731,颜淋丽,王志玮
3732,颜淋丽,何兆阳
3733,张涵双,王志玮
3734,张涵双,何兆阳
3735,王志玮,何兆阳
3736,王向东,刘卫东
3737,魏旭红,孙斌栋
3738,黄经南,杜碧川
3739,黄经南,王国恩
3740,杜碧川,王国恩
3741,侯璐璐,刘云刚
3742,方创琳,张永姣
3743,许凯,孙彤宇
3744,詹运洲,吴芳芳
3745,朱菁,高鹏华
3746,朱菁,吴潇
3747,朱菁,刘科伟
3748,高鹏华,吴潇
3749,高鹏华,刘科伟
3750,吴潇,刘科伟
3751,钮心毅,丁亮
3752,钮心毅,宋小冬
3753,丁亮,宋小冬
3754,吴启焰,罗艳
3755,孙娟,郑德高
3756,孙娟,马璇
3757,郑德高,马璇
3758,周均清,徐利权
3759,周均清,何伯涛
3760,徐利权,何伯涛
3761,苏文松,徐振强
3762,苏文松,谢伊羚
3763,徐振强,谢伊羚
3764,耿慧志,张乐
3765,耿慧志,杨春侠
3766,张乐,杨春侠
3767,何依,邓巍
3768,龙瀛,吴康
3769,龙瀛,王江浩
3770,龙瀛,刘行健
3771,吴康,王江浩
3772,吴康,刘行健
3773,王江浩,刘行健
3774,唐子来,李粲
3775,唐子来,肖扬
3776,唐子来,李涛
3777,唐子来,黎智枫
3778,李粲,肖扬
3779,李粲,李涛
3780,李粲,黎智枫
3781,肖扬,李涛
3782,肖扬,黎智枫
3783,李涛,黎智枫
3784,林坚,陈诗弘
3785,林坚,许超诣
3786,林坚,王纯
3787,陈诗弘,许超诣
3788,陈诗弘,王纯
3789,许超诣,王纯
3790,林坚,汤晓旭
3791,林坚,黄斐玫
3792,林坚,苗春蕾
3793,汤晓旭,黄斐玫
3794,汤晓旭,苗春蕾
3795,黄斐玫,苗春蕾
3796,吴志强,杨秀
3797,吴志强,刘伟
3798,杨秀,刘伟
3799,杨保军,陈鹏
3800,孙施文,周宇
3801,袁媛,陈金城
3802,周俭,钟晓华
3803,吴纳维,张悦
3804,吴纳维,王月波
3805,张悦,王月波
3806,袁青,王翼飞
3807,俞孔坚,许涛
3808,俞孔坚,李迪华
3809,俞孔坚,王春连
3810,许涛,李迪华
3811,许涛,王春连
3812,李迪华,王春连
3813,彭翀,袁敏航
3814,彭翀,顾朝林
3815,彭翀,彭仲仁
3816,袁敏航,顾朝林
3817,袁敏航,彭仲仁
3818,顾朝林,彭仲仁
3819,龙瀛,韩昊英
3820,龙瀛,赖世刚
3821,韩昊英,赖世刚
3822,魏琰,杨豪中
3823,邹涵,李百浩
3824,邹涵,薛求理
3825,李百浩,薛求理
3826,杨保军,陈怡星
3827,杨保军,吕晓蓓
3828,杨保军,朱郁郁
3829,陈怡星,吕晓蓓
3830,陈怡星,朱郁郁
3831,吕晓蓓,朱郁郁
3832,郭锐,樊杰
3833,吴志强,陆天赞
3834,王德,刘振宇
3835,王德,武敏
3836,王德,宋小冬
3837,王德,罗智丰
3838,王德,张开翼
3839,王德,王昊阳
3840,王德,张利君
3841,刘振宇,武敏
3842,刘振宇,宋小冬
3843,刘振宇,罗智丰
3844,刘振宇,张开翼
3845,刘振宇,王昊阳
3846,刘振宇,张利君
3847,武敏,宋小冬
3848,武敏,罗智丰
3849,武敏,张开翼
3850,武敏,王昊阳
3851,武敏,张利君
3852,宋小冬,罗智丰
3853,宋小冬,张开翼
3854,宋小冬,王昊阳
3855,宋小冬,张利君
3856,罗智丰,张开翼
3857,罗智丰,王昊阳
3858,罗智丰,张利君
3859,张开翼,王昊阳
3860,张开翼,张利君
3861,王昊阳,张利君
3862,唐子来,顾姝
3863,段进,章国琴
3864,乔路,李京生
3865,唐洁,康璇
3866,唐洁,陈睿
3867,唐洁,顾纬洲
3868,康璇,陈睿
3869,康璇,顾纬洲
3870,陈睿,顾纬洲
3871,黄建中,吴萌
3872,潘斌,彭震伟
3873,黄怡,吴长福
3874,黄怡,谢振宇
3875,吴长福,谢振宇
3876,谢英挺,王伟
3877,王世福,沈爽婷
3878,周岚,何流
3879,王云才,吕东
3880,王云才,彭震伟
3881,王云才,高璟
3882,吕东,彭震伟
3883,吕东,高璟
3884,彭震伟,高璟
3885,王伟强,李建
3886,王伟强,岳雨峰
3887,李建,岳雨峰
3888,王德,王灿
3889,王德,谢栋灿
3890,王德,钟炜菁
3891,王德,武敏
3892,王德,朱玮
3893,王德,周江评
3894,王德,李渊
3895,王灿,谢栋灿
3896,王灿,钟炜菁
3897,王灿,武敏
3898,王灿,朱玮
3899,王灿,周江评
3900,王灿,李渊
3901,谢栋灿,钟炜菁
3902,谢栋灿,武敏
3903,谢栋灿,朱玮
3904,谢栋灿,周江评
3905,谢栋灿,李渊
3906,钟炜菁,武敏
3907,钟炜菁,朱玮
3908,钟炜菁,周江评
3909,钟炜菁,李渊
3910,武敏,朱玮
3911,武敏,周江评
3912,武敏,李渊
3913,朱玮,周江评
3914,朱玮,李渊
3915,周江评,李渊
3916,柴彦威,张雪
3917,柴彦威,孙道胜
3918,张雪,孙道胜
3919,龙瀛,孙立君
3920,龙瀛,陶遂
3921,孙立君,陶遂
3922,郑德高,陈勇
3923,郑德高,季辰晔
3924,陈勇,季辰晔
3925,陈小鸿,叶建红
3926,陈小鸿,张华
3927,陈小鸿,吴娇蓉
3928,叶建红,张华
3929,叶建红,吴娇蓉
3930,张华,吴娇蓉
3931,王咏笑,敬东
3932,王咏笑,袁樵
3933,敬东,袁樵
3934,孙斌栋,胥建华
3935,袁奇峰,陈世栋
3936,赖寿华,闫永涛
3937,赖寿华,刘冠男
3938,赖寿华,庞晓媚
3939,赖寿华,李亚洲
3940,闫永涛,刘冠男
3941,闫永涛,庞晓媚
3942,闫永涛,李亚洲
3943,刘冠男,庞晓媚
3944,刘冠男,李亚洲
3945,庞晓媚,李亚洲
3946,车乐,吴志强
3947,车乐,邓小兵
3948,吴志强,邓小兵
3949,宋小冬,沈天潭
3950,詹运洲,欧胜兰
3951,詹运洲,周文娜
3952,詹运洲,黄珏
3953,欧胜兰,周文娜
3954,欧胜兰,黄珏
3955,周文娜,黄珏
3956,匡晓明,陈君
3957,黄明华,李冠元
3958,黄明华,刘伟凯
3959,李冠元,刘伟凯
3960,魏晓芳,赵万民
3961,魏晓芳,孙爱庐
3962,魏晓芳,周琎
3963,赵万民,孙爱庐
3964,赵万民,周琎
3965,孙爱庐,周琎
3966,石飞,王炜
3967,彭坤焘,赵民
3968,罗震东,何鹤鸣
3969,罗震东,张京祥
3970,何鹤鸣,张京祥
3971,程玉鸿,朱银莲
3972,杨俊宴,吴明伟
3973,陈小鸿,黄肇义
3974,陈小鸿,汪洋
3975,黄肇义,汪洋
3976,宋伟轩,陈培阳
3977,宋伟轩,胡咏嘉
3978,陈培阳,胡咏嘉
3979,尹宏玲,吴志强
3980,官卫华,叶斌
3981,官卫华,周一鸣
3982,官卫华,王耀南
3983,叶斌,周一鸣
3984,叶斌,王耀南
3985,周一鸣,王耀南
3986,胡波,王姗
3987,胡波,喻涛
3988,王姗,喻涛
3989,宋代军,杨贵庆
3990,王德,钟炜菁
3991,王德,谢栋灿
3992,王德,叶晖
3993,钟炜菁,谢栋灿
3994,钟炜菁,叶晖
3995,谢栋灿,叶晖
3996,牛强,黄建中
3997,牛强,胡刚钰
3998,牛强,张乔
3999,牛强,柳朴
4000,黄建中,胡刚钰
4001,黄建中,张乔
4002,黄建中,柳朴
4003,胡刚钰,张乔
4004,胡刚钰,柳朴
4005,张乔,柳朴
4006,于一凡,章必成
4007,肖希,李敏
4008,李斌,王依明
4009,李斌,李雪
4010,李斌,李华
4011,王依明,李雪
4012,王依明,李华
4013,李雪,李华
4014,张尚武,晏龙旭
4015,张尚武,王德
4016,张尚武,刘振宇
4017,张尚武,陈烨
4018,晏龙旭,王德
4019,晏龙旭,刘振宇
4020,晏龙旭,陈烨
4021,王德,刘振宇
4022,王德,陈烨
4023,刘振宇,陈烨
4024,程遥,赵民
4025,李苗裔,龙瀛
4026,李箭飞,丁寿颐
4027,罗超,王国恩
4028,罗超,孙靓雯
4029,王国恩,孙靓雯
4030,周婕,罗逍
4031,周婕,谢波
4032,罗逍,谢波
4033,张杰,解扬
4034,冯东海,沈清基
4035,方可,哈思杰
4036,方可,唐梅
4037,方可,吴啸
4038,哈思杰,唐梅
4039,哈思杰,吴啸
4040,唐梅,吴啸
4041,杨俊宴,史宜
4042,李晴,田莉
4043,杨俊宴,陈雯
4044,赵景海,秦新光
4045,赵景海,宫金辉
4046,赵景海,霍宏君
4047,秦新光,宫金辉
4048,秦新光,霍宏君
4049,宫金辉,霍宏君
4050,张继飞,刘科伟
4051,张继飞,刘红光
4052,张继飞,张洁
4053,刘科伟,刘红光
4054,刘科伟,张洁
4055,刘红光,张洁
4056,王德,黄万枢
4057,赵学彬,肖彬
4058,杨靖,马进
4059,刘玉亭,何深静
4060,刘玉亭,吴缚龙
4061,何深静,吴缚龙
4062,王亚男,赵永革
4063,岑倩华,陶伟
4064,汪明峰,宁越敏
4065,汪明峰,胡萍
4066,宁越敏,胡萍
4067,黄勇,赵万民
4068,顾朝林,于涛方
4069,顾朝林,刘志虹
4070,顾朝林,解宇
4071,顾朝林,唐万杰
4072,于涛方,刘志虹
4073,于涛方,解宇
4074,于涛方,唐万杰
4075,刘志虹,解宇
4076,刘志虹,唐万杰
4077,解宇,唐万杰
4078,刘志虹,彭翀
4079,刘志虹,顾朝林
4080,彭翀,顾朝林
4081,夏海山,王凌绪
4082,夏海山,夏正伟
4083,王凌绪,夏正伟
4084,周建东,黄永高
4085,王晓俊,王建国
4086,王晖,曹康
4087,郑卫,李京生
4088,袁奇峰,马晓亚
4089,曾刚,李英戈
4090,曾刚,樊杰
4091,李英戈,樊杰
4092,阎树鑫,关也彤
4093,王登嵘,李樱
4094,王登嵘,梁婉琳
4095,王登嵘,陈仪
4096,李樱,梁婉琳
4097,李樱,陈仪
4098,梁婉琳,陈仪
4099,房庆方,蔡瀛
4100,房庆方,宋劲松
4101,房庆方,黄祖璜
4102,房庆方,罗小虹
4103,蔡瀛,宋劲松
4104,蔡瀛,黄祖璜
4105,蔡瀛,罗小虹
4106,宋劲松,黄祖璜
4107,宋劲松,罗小虹
4108,黄祖璜,罗小虹
4109,黄卓,宋劲松
4110,黄卓,杨满伦
4111,黄卓,董男
4112,宋劲松,杨满伦
4113,宋劲松,董男
4114,杨满伦,董男
4115,沈建法,冯志强
4116,沈建法,黄钧尧
4117,冯志强,黄钧尧
4118,张京祥,吴佳
4119,张京祥,殷洁
4120,吴佳,殷洁
4121,张京祥,罗震东
4122,李王鸣,王纯彬
4123,吴宝安,姚爱国
4124,周剑云,戚冬瑾
4125,朱喜钢,金俭
4126,朱喜钢,奚汀
4127,金俭,奚汀
4128,佘高红,吕斌
4129,张毅杉,夏健
4130,姚燕华,孙翔
4131,姚燕华,王朝晖
4132,姚燕华,彭冲
4133,孙翔,王朝晖
4134,孙翔,彭冲
4135,王朝晖,彭冲
4136,罗小龙,沈建法
4137,扈万泰,姜彤
4138,张文辉,张琳
4139,吴晓,吴明伟
4140,王兴平,许景
4141,朱玮,王德
4142,薛俊菲,顾朝林
4143,薛俊菲,孙加凤
4144,顾朝林,孙加凤
4145,刘玉亭,何深静
4146,刘玉亭,魏立华
4147,何深静,魏立华
4148,周剑云,戚冬瑾
4149,刘健,毛其智
4150,肖泽群,肖万春
4151,肖泽群,文建龙
4152,肖万春,文建龙
4153,李浩,邹德慈
4154,赵燕菁,庄淑亭
4155,冯健,刘玉
4156,彭海东,尹稚
4157,郑卫,李京生
4158,沈清基,吴斐琼
4159,周锐波,闫小培
4160,顾哲,夏南凯
4161,徐伟,李娟
4162,韩守庆,李诚固
4163,韩守庆,张全
4164,李诚固,张全
4165,栾峰,王忆云
4166,马万里,陈玮
4167,李玲,王钰
4168,李玲,李郇
4169,李玲,林太志
4170,王钰,李郇
4171,王钰,林太志
4172,李郇,林太志
4173,杨卡,张小林
4174,叶玉瑶,张虹鸥
4175,叶玉瑶,周春山
4176,叶玉瑶,许学强
4177,张虹鸥,周春山
4178,张虹鸥,许学强
4179,周春山,许学强
4180,李鹍,余庄
4181,于卓,吴志华
4182,于卓,许华
4183,吴志华,许华
4184,韦亚平,赵民
4185,龚清宇,王林超
4186,龚清宇,苏毅
4187,王林超,苏毅
4188,施源,周丽亚
4189,张海龙,苏自立
4190,张京祥,吴缚龙
4191,张京祥,马润潮
4192,吴缚龙,马润潮
4193,李宪坡,袁开国
4194,刘平,邓卫
4195,李军,张亚薇
4196,李晓江,张兵
4197,李晓江,束晨阳
4198,李晓江,张健
4199,张兵,束晨阳
4200,张兵,张健
4201,束晨阳,张健
4202,贾建中,刘冬梅
4203,贾建中,唐进群
4204,贾建中,吴雯
4205,贾建中,赵书艺
4206,刘冬梅,唐进群
4207,刘冬梅,吴雯
4208,刘冬梅,赵书艺
4209,唐进群,吴雯
4210,唐进群,赵书艺
4211,吴雯,赵书艺
4212,彭文高,任庆昌
4213,金广君,张昌娟
4214,吴晓,阳建强
4215,姚昭晖,顾浩
4216,姚昭晖,吴文勇
4217,顾浩,吴文勇
4218,史正涛,刘新有
4219,杨保军,董珂
4220,展二鹏,黄文亮
4221,展二鹏,吕振波
4222,黄文亮,吕振波
4223,杨卫泽,韩之俊
4224,陈蔚镇,杨学军
4225,李如生,高相铎
4226,李如生,李诚固
4227,高相铎,李诚固
4228,沈磊,赵国裕
4229,沈磊,袁栋
4230,赵国裕,袁栋
4231,陈前虎,徐鑫
4232,陈前虎,帅慧敏
4233,徐鑫,帅慧敏
4234,吴松涛,苏万庆
4235,刘鸣,马剑
4236,刘鸣,张宝刚
4237,马剑,张宝刚
4238,杜钦,侯颖
4239,杜钦,王开运
4240,杜钦,张超
4241,侯颖,王开运
4242,侯颖,张超
4243,王开运,张超
4244,邹军,郑文含
4245,邹军,姚秀利
4246,郑文含,姚秀利
4247,周凌,赵民
4248,焦怡雪,尹强
4249,沈磊,赵国裕
4250,沈磊,姚瑛
4251,赵国裕,姚瑛
4252,林红,李军
4253,丛艳国,魏立华
4254,杨永春,乔林凰
4255,杨永春,侯利
4256,乔林凰,侯利
4257,杨建军,陈锋义
4258,李江,贺传皎
4259,苏经宇,马东辉
4260,苏经宇,王志涛
4261,马东辉,王志涛
4262,张波,谢燮
4263,张波,刘江涛
4264,谢燮,刘江涛
4265,程建林,艾春玲
4266,韦亚平,赵民
4267,高宜程,申玉铭
4268,高宜程,王茂军
4269,高宜程,刘希胜
4270,申玉铭,王茂军
4271,申玉铭,刘希胜
4272,王茂军,刘希胜
4273,冷红,袁青
4274,房艳刚,刘继生
4275,朱嘉广,李楠
4276,朱嘉广,吴克捷
4277,李楠,吴克捷
4278,胡晓鸣,刘丹
4279,胡晓鸣,翁芳玲
4280,刘丹,翁芳玲
4281,陈建萍,颜强
4282,袁锦富,徐海贤
4283,袁锦富,卢雨田
4284,袁锦富,汤春峰
4285,徐海贤,卢雨田
4286,徐海贤,汤春峰
4287,卢雨田,汤春峰
4288,刘宇红,梅耀林
4289,刘宇红,陈翀
4290,梅耀林,陈翀
4291,曹国华,黄富民
4292,黄富民,朱建国
4293,黄富民,黄咏洲
4294,朱建国,黄咏洲
4295,徐涵,李枝坚
4296,徐涵,姚江春
4297,徐涵,程红宁
4298,李枝坚,姚江春
4299,李枝坚,程红宁
4300,姚江春,程红宁
4301,白劲宇,赵晔
4302,何子张,李渊
4303,朱查松,张京祥
4304,杨俊宴,吴明伟
4305,张泉,张鑑
4306,张泉,赵毅
4307,张鑑,赵毅
4308,邱建,江俊浩
4309,邱建,贾刘强
4310,江俊浩,贾刘强
4311,李浩,马克尼
4312,黄莉,宋劲松
4313,汪劲柏,赵民
4314,王天青,宿天彬
4315,王天青,马培娟
4316,宿天彬,马培娟
4317,陈鹰,叶持跃
4318,张军民,冀晶娟
4319,孙施文,董轶群
4320,郭旭,郭恩章
4321,郭旭,陈旸
4322,郭恩章,陈旸
4323,陈秀欣,冯健
4324,董贺轩,卢济威
4325,余颖,唐劲峰
4326,周岚,叶斌
4327,周岚,徐明尧
4328,叶斌,徐明尧
4329,韦冬,程蓉
4330,张杰,刘岩
4331,张杰,霍晓卫
4332,刘岩,霍晓卫
4333,郭亮,贺慧
4334,万霞,陈峻
4335,万霞,王炜
4336,陈峻,王炜
4337,刘贤腾,沈青
4338,刘贤腾,朱丽
4339,沈青,朱丽
4340,林寿清,洪庄敏
4341,张阳,林澎
4342,张阳,邢琰
4343,张阳,董淑秋
4344,林澎,邢琰
4345,林澎,董淑秋
4346,邢琰,董淑秋
4347,雷诚,赵民
4348,段进,戴德胜
4349,刘佳燕,陈振华
4350,刘佳燕,王鹏
4351,刘佳燕,王健
4352,陈振华,王鹏
4353,陈振华,王健
4354,王鹏,王健
4355,张安,闫刚
4356,张安,谢瑞欣
4357,张安,张柳栩
4358,闫刚,谢瑞欣
4359,闫刚,张柳栩
4360,谢瑞欣,张柳栩
4361,罗仁朝,王德
4362,吴晓,吴明伟
4363,彭小雷,苏洁琼
4364,彭小雷,焦怡雪
4365,彭小雷,王磊
4366,彭小雷,徐超平
4367,苏洁琼,焦怡雪
4368,苏洁琼,王磊
4369,苏洁琼,徐超平
4370,焦怡雪,王磊
4371,焦怡雪,徐超平
4372,王磊,徐超平
4373,陈有川,韩青
4374,卢济威,于奕
4375,唐燕,吴唯佳
4376,杨俊宴,王建国
4377,杨俊宴,阳建强
4378,杨俊宴,费移山
4379,王建国,阳建强
4380,王建国,费移山
4381,阳建强,费移山
4382,叶伟华,赵勇伟
4383,魏薇,秦洛峰
4384,季友说,周开红
4385,季友说,王玉芹
4386,季友说,盛亚民
4387,季友说,王媛媛
4388,周开红,王玉芹
4389,周开红,盛亚民
4390,周开红,王媛媛
4391,王玉芹,盛亚民
4392,王玉芹,王媛媛
4393,盛亚民,王媛媛
4394,张照,王德
4395,王纪武,李王鸣
4396,张浪,李静
4397,张浪,傅莉
4398,李静,傅莉
4399,熊文,陈小鸿
4400,周庆华,雷会霞
4401,周庆华,陈晓键
4402,雷会霞,陈晓键
4403,林伟鹏,闫整
4404,黄明华,郑晓伟
4405,雷会霞,陈晓键
4406,吴锋,李祥平
4407,吴锋,谢莉莉
4408,李祥平,谢莉莉
4409,吴左宾,黄嘉颖
4410,于一凡,李继军
4411,于一凡,郭建强
4412,李继军,郭建强
4413,张国华,李凌岚
4414,吴晓勤,高冰松
4415,吴晓勤,汪坚强
4416,高冰松,汪坚强
4417,魏立华,刘玉亭
4418,唐晓莲,魏清泉
4419,朱力,潘哲
4420,朱力,徐会夫
4421,朱力,刘成哲
4422,潘哲,徐会夫
4423,潘哲,刘成哲
4424,徐会夫,刘成哲
4425,王昊,龙慧
4426,陈振羽,朱子瑜
4427,孙娟,蔡震
4428,王瑛,蒋丕彦
4429,王瑛,夏天
4430,蒋丕彦,夏天
4431,吕晓蓓,赵若焱
4432,桂萍,孔彦鸿
4433,桂萍,刘广奇
4434,桂萍,莫罹
4435,桂萍,王巍巍
4436,孔彦鸿,刘广奇
4437,孔彦鸿,莫罹
4438,孔彦鸿,王巍巍
4439,刘广奇,莫罹
4440,刘广奇,王巍巍
4441,莫罹,王巍巍
4442,赵一新,曾小明
4443,周剑云,戚冬瑾
4444,李东泉,周一星
4445,孙秀峰,屠泳博
4446,孙秀峰,陆元晶
4447,屠泳博,陆元晶
4448,熊侠仙,严玲
4449,陶特立,黄勇
4450,陶特立,邱桃东
4451,黄勇,邱桃东
4452,阮并晶,张绍良
4453,阮并晶,恽如伟
4454,阮并晶,马诚超
4455,张绍良,恽如伟
4456,张绍良,马诚超
4457,恽如伟,马诚超
4458,黄叶君,谢正观
4459,彭震伟,陆嘉
4460,王士兰,游宏滔
4461,王士兰,徐国良
4462,游宏滔,徐国良
4463,缪敏,汪运志
4464,缪敏,吕道锋
4465,缪敏,张旻
4466,汪运志,吕道锋
4467,汪运志,张旻
4468,吕道锋,张旻
4469,陈白磊,齐同军
4470,耿宏兵,刘剑
4471,杜钦,巩晋楠
4472,杜钦,王开运
4473,杜钦,张超
4474,巩晋楠,王开运
4475,巩晋楠,张超
4476,王开运,张超
4477,游宏滔,吕敏
4478,洪世键,张京祥
4479,楚建群,董黎明
4480,陈锦富,余柏椿
4481,陈锦富,黄亚平
4482,陈锦富,任绍斌
4483,陈锦富,陈征帆
4484,陈锦富,岳登峰
4485,余柏椿,黄亚平
4486,余柏椿,任绍斌
4487,余柏椿,陈征帆
4488,余柏椿,岳登峰
4489,黄亚平,任绍斌
4490,黄亚平,陈征帆
4491,黄亚平,岳登峰
4492,任绍斌,陈征帆
4493,任绍斌,岳登峰
4494,陈征帆,岳登峰
4495,王骏,张照
4496,李金路,王磐岩
4497,李金路,贾建中
4498,李金路,唐进群
4499,李金路,周雄
4500,李金路,韩笑
4501,王磐岩,贾建中
4502,王磐岩,唐进群
4503,王磐岩,周雄
4504,王磐岩,韩笑
4505,贾建中,唐进群
4506,贾建中,周雄
4507,贾建中,韩笑
4508,唐进群,周雄
4509,唐进群,韩笑
4510,周雄,韩笑
4511,刘李峰,牛大刚
4512,谭立峰,张玉坤
4513,谭立峰,辛同升
4514,张玉坤,辛同升
4515,陈竹,叶珉
4516,孙斌栋,吴雅菲
4517,刘生军,于英
4518,刘生军,徐苏宁
4519,于英,徐苏宁
4520,张杰,庞骏
4521,刘锋,刘贤腾
4522,刘锋,余忠
4523,刘贤腾,余忠
4524,钮心毅,宋小冬
4525,钮心毅,谭迎辉
4526,钮心毅,刘世伟
4527,宋小冬,谭迎辉
4528,宋小冬,刘世伟
4529,谭迎辉,刘世伟
4530,邱建,蒋蓉
4531,齐峰,冒晨
4532,何梅,汪云
4533,高中岗,张兵
4534,方煜,杨律信
4535,方煜,李鑫
4536,方煜,陈媛媛
4537,杨律信,李鑫
4538,杨律信,陈媛媛
4539,李鑫,陈媛媛
4540,何韶瑶,马燕玲
4541,何韶瑶,夏博
4542,马燕玲,夏博
4543,陈苏柳,刘生军
4544,陈苏柳,徐苏宁
4545,刘生军,徐苏宁
4546,张泉,叶兴平
4547,吴一洲,陈前虎
4548,吴一洲,吴次芳
4549,陈前虎,吴次芳
4550,金涛,林文棋
4551,李肇娥,赵海春
4552,李肇娥,李铜英
4553,赵海春,李铜英
4554,史怀昱,姚卓
4555,史怀昱,杨琦
4556,姚卓,杨琦
4557,樊尚新,王莉莉
4558,樊尚新,秦社芳
4559,樊尚新,刘生鑫
4560,樊尚新,郝升伟
4561,王莉莉,秦社芳
4562,王莉莉,刘生鑫
4563,王莉莉,郝升伟
4564,秦社芳,刘生鑫
4565,秦社芳,郝升伟
4566,刘生鑫,郝升伟
4567,潘海啸,姚胜永
4568,潘海啸,卢源
4569,姚胜永,卢源
4570,于英,陈苏柳
4571,于英,徐苏宁
4572,陈苏柳,徐苏宁
4573,王德,朱玮
4574,王德,黄万枢
4575,王德,马力
4576,王德,郭洁
4577,王德,农耘之
4578,朱玮,黄万枢
4579,朱玮,马力
4580,朱玮,郭洁
4581,朱玮,农耘之
4582,黄万枢,马力
4583,黄万枢,郭洁
4584,黄万枢,农耘之
4585,马力,郭洁
4586,马力,农耘之
4587,郭洁,农耘之
4588,陈峻,张辉
4589,陈双,赵万民
4590,陈双,胡思润
4591,赵万民,胡思润
4592,于一凡,田达睿
4593,刘奇志,宋中英
4594,刘奇志,商渝
4595,宋中英,商渝
4596,吴之凌,胡晓玲
4597,闵雷,黄焕
4598,吴远翔,吕飞
4599,吴远翔,于英
4600,吴远翔,徐苏宁
4601,吕飞,于英
4602,吕飞,徐苏宁
4603,于英,徐苏宁
4604,陈仲光,徐建刚
4605,陈仲光,蒋海兵
4606,徐建刚,蒋海兵
4607,赵民,乐芸
4608,张蔚文,何良将
4609,曹康,王晖
4610,杨新海,殷辉礼
4611,黄瑛,张伟
4612,戴林琳,吕斌
4613,戴林琳,盖世杰
4614,吕斌,盖世杰
4615,吕飞,郭恩章
4616,吕飞,徐苏宁
4617,郭恩章,徐苏宁
4618,陈锦富,任丽娟
4619,陈锦富,徐小磊
4620,陈锦富,李新延
4621,任丽娟,徐小磊
4622,任丽娟,李新延
4623,徐小磊,李新延
4624,沈清基,徐溯源
4625,陈荣,钱德福
4626,陈荣,李启军
4627,钱德福,李启军
4628,曲国辉,赵志庆
4629,曲国辉,李罕哲
4630,曲国辉,徐苏宁
4631,赵志庆,李罕哲
4632,赵志庆,徐苏宁
4633,李罕哲,徐苏宁
4634,盛鸣,黄咏梅
4635,盛鸣,乔建平
4636,黄咏梅,乔建平
4637,张晓春,林群
4638,张晓春,田锋
4639,林群,田锋
4640,易千枫,徐强
4641,易千枫,项志远
4642,徐强,项志远
4643,张泉,袁锦富
4644,张泉,胡海波
4645,袁锦富,胡海波
4646,车乐,邓小兵
4647,周素红,闫小培
4648,覃继牧,易峥
4649,覃继牧,何波
4650,覃继牧,曹春霞
4651,易峥,何波
4652,易峥,曹春霞
4653,何波,曹春霞
4654,彭瑶玲,邱强
4655,何波,刘利
4656,何波,黄文昌
4657,刘利,黄文昌
4658,张玉芳,邢天河
4659,黄锰,蔡新冬
4660,黄锰,李光皓
4661,黄锰,张磊
4662,蔡新冬,李光皓
4663,蔡新冬,张磊
4664,李光皓,张磊
4665,杨保军,王飞
4666,周岚,张京祥
4667,耿慧志,沈丹凤
4668,朱颖,王浩
4669,朱颖,昝少平
4670,朱颖,王小东
4671,王浩,昝少平
4672,王浩,王小东
4673,昝少平,王小东
4674,杨靖,张嵩
4675,杨靖,汪冬宁
4676,张嵩,汪冬宁
4677,刘冰冰,杨晓春
4678,刘冰冰,朱震龙
4679,杨晓春,朱震龙
4680,王玉洁,李金路
4681,王玉洁,白羽
4682,王玉洁,裴文洋
4683,王玉洁,王作鹏
4684,李金路,白羽
4685,李金路,裴文洋
4686,李金路,王作鹏
4687,白羽,裴文洋
4688,白羽,王作鹏
4689,裴文洋,王作鹏
4690,艾亚玮,刘爱华
4691,杨俊宴,谭瑛
4692,杨俊宴,吴明伟
4693,谭瑛,吴明伟
4694,陈勇,黄幼朴
4695,陈勇,陈伟明
4696,陈勇,胡庆钢
4697,陈勇,倪明
4698,黄幼朴,陈伟明
4699,黄幼朴,胡庆钢
4700,黄幼朴,倪明
4701,陈伟明,胡庆钢
4702,陈伟明,倪明
4703,胡庆钢,倪明
4704,樊杰,陶岸君
4705,樊杰,梁育填
4706,樊杰,陈小良
4707,樊杰,张有坤
4708,陶岸君,梁育填
4709,陶岸君,陈小良
4710,陶岸君,张有坤
4711,梁育填,陈小良
4712,梁育填,张有坤
4713,陈小良,张有坤
4714,洪田芬,杨毅栋
4715,梁伟,段进宇
4716,陈为邦,潘斌
4717,杨保军,王文彤
4718,孙安军,潘斌
4719,梁鹤年,吴国玺
4720,梁鹤年,牛雄
4721,梁鹤年,段汉明
4722,梁鹤年,颜文涛
4723,梁鹤年,魏皓严
4724,梁鹤年,陈芳
4725,吴国玺,牛雄
4726,吴国玺,段汉明
4727,吴国玺,颜文涛
4728,吴国玺,魏皓严
4729,吴国玺,陈芳
4730,牛雄,段汉明
4731,牛雄,颜文涛
4732,牛雄,魏皓严
4733,牛雄,陈芳
4734,段汉明,颜文涛
4735,段汉明,魏皓严
4736,段汉明,陈芳
4737,颜文涛,魏皓严
4738,颜文涛,陈芳
4739,魏皓严,陈芳
4740,扈万泰,胡海
4741,扈万泰,姜涛
4742,胡海,姜涛
4743,邱建林,苏自立
4744,邱建林,卢涛
4745,邱建林,谢力
4746,苏自立,卢涛
4747,苏自立,谢力
4748,卢涛,谢力
4749,李和平,张睿
4750,李和平,严爱琼
4751,李和平,王鹏
4752,张睿,严爱琼
4753,张睿,王鹏
4754,严爱琼,王鹏
4755,余颖,宋智
4756,王法成,范颖
4757,王法成,余颖
4758,范颖,余颖
4759,沈俊超,齐立博
4760,张泉,叶兴平
4761,张泉,陈国伟
4762,叶兴平,陈国伟
4763,俞孔坚,王思思
4764,俞孔坚,李迪华
4765,俞孔坚,乔青
4766,王思思,李迪华
4767,王思思,乔青
4768,李迪华,乔青
4769,郭斌,任志远
4770,叶斌,王耀南
4771,叶斌,郑晓华
4772,叶斌,陶德凯
4773,王耀南,郑晓华
4774,王耀南,陶德凯
4775,郑晓华,陶德凯
4776,魏立华,刘玉亭
4777,魏立华,黎斌
4778,刘玉亭,黎斌
4779,洪亘伟,刘志强
4780,星野敏,王雷
4781,于一丁,胡跃平
4782,汪昭兵,杨永春
4783,汪昭兵,杨晓娟
4784,汪昭兵,杨永民
4785,杨永春,杨晓娟
4786,杨永春,杨永民
4787,杨晓娟,杨永民
4788,李素英,王计平
4789,徐龙,陈曦
4790,徐龙,陈进红
4791,陈曦,陈进红
4792,曹力维,易峥
4793,曹力维,何波
4794,易峥,何波
4795,顾京涛,黄少宏
4796,邰学东,陈勇
4797,邰学东,崔宝义
4798,邰学东,刘溪
4799,陈勇,崔宝义
4800,陈勇,刘溪
4801,崔宝义,刘溪
4802,王东,吕传廷
4803,王东,黎云
4804,王东,吴超
4805,王东,严明昆
4806,王东,李开平
4807,吕传廷,黎云
4808,吕传廷,吴超
4809,吕传廷,严明昆
4810,吕传廷,李开平
4811,黎云,吴超
4812,黎云,严明昆
4813,黎云,李开平
4814,吴超,严明昆
4815,吴超,李开平
4816,严明昆,李开平
4817,吕传廷,吴超
4818,吕传廷,黄鼎曦
4819,吴超,黄鼎曦
4820,章光日,顾朝林
4821,杨保军,彭小雷
4822,杨保军,赵群毅
4823,杨保军,张菁
4824,彭小雷,赵群毅
4825,彭小雷,张菁
4826,赵群毅,张菁
4827,王国恩,易晓峰
4828,吴缚龙,周岚
4829,扈万泰,宋思曼
4830,汪冬宁,汤小橹
4831,汪冬宁,金晓斌
4832,汪冬宁,周寅康
4833,汤小橹,金晓斌
4834,汤小橹,周寅康
4835,金晓斌,周寅康
4836,赵辉,周易冰
4837,赵辉,徐靖文
4838,周易冰,徐靖文
4839,梁成文,刘威
4840,梁成文,张玉一
4841,刘威,张玉一
4842,吕正华,潘天阳
4843,吕正华,杨涛
4844,吕正华,洪菊华
4845,潘天阳,杨涛
4846,潘天阳,洪菊华
4847,杨涛,洪菊华
4848,魏立华,闫小培
4849,张晓云,李晓
4850,张晓云,殷健
4851,李晓,殷健
4852,赵英魁,张建军
4853,赵英魁,王丽丹
4854,赵英魁,邹莹
4855,赵英魁,李铁鹏
4856,张建军,王丽丹
4857,张建军,邹莹
4858,张建军,李铁鹏
4859,王丽丹,邹莹
4860,王丽丹,李铁鹏
4861,邹莹,李铁鹏
4862,杨斌,刘峥嵘
4863,杨斌,单丹
4864,杨斌,刘世晖
4865,杨斌,赵朋
4866,刘峥嵘,单丹
4867,刘峥嵘,刘世晖
4868,刘峥嵘,赵朋
4869,单丹,刘世晖
4870,单丹,赵朋
4871,刘世晖,赵朋
4872,陈沧杰,游涛
4873,陈沧杰,姜劲松
4874,游涛,姜劲松
4875,陈锦富,于澄
4876,宋伟轩,朱喜钢
4877,宋伟轩,吴启焰
4878,朱喜钢,吴启焰
4879,田银生,谷凯
4880,田银生,陶伟
4881,谷凯,陶伟
4882,李震,杨永春
4883,孙翔,姚燕华
4884,段德罡,黄博燕
4885,段德罡,张晓荣
4886,段德罡,王峰
4887,黄博燕,张晓荣
4888,黄博燕,王峰
4889,张晓荣,王峰
4890,陈海燕,贾倍思
4891,江海燕,周春山
4892,江海燕,肖荣波
4893,周春山,肖荣波
4894,王胜男,李猛
4895,刘涟涟,陆伟
4896,柴宝贵,扈宁
4897,柴宝贵,刘志红
4898,扈宁,刘志红
4899,杨德智,张卫国
4900,杨明俊,林坚
4901,杨明俊,李延成
4902,林坚,李延成
4903,汪坚强,于立
4904,邹鹃彪,吴强
4905,陶伟,岑倩华
4906,胡道生,宗跃光
4907,洪世键,张京祥
4908,王郁,董黎黎
4909,王郁,李烨洁
4910,董黎黎,李烨洁
4911,邓小兵,车乐
4912,陈有川,尹逸娴
4913,陈有川,窦家利
4914,尹逸娴,窦家利
4915,鲁晓军,李建华
4916,鲁晓军,翁一峰
4917,鲁晓军,陶来利
4918,李建华,翁一峰
4919,李建华,陶来利
4920,翁一峰,陶来利
4921,罗彦,何林林
4922,罗彦,朱荣远
4923,何林林,朱荣远
4924,杨介榜,陈前虎
4925,杨介榜,吴一洲
4926,陈前虎,吴一洲
4927,杨一帆,邓东
4928,杨一帆,肖礼军
4929,杨一帆,伍敏
4930,邓东,肖礼军
4931,邓东,伍敏
4932,肖礼军,伍敏
4933,熊国平,王爱军
4934,熊国平,盛楠
4935,熊国平,周梦蝶
4936,熊国平,吴文昕
4937,熊国平,何舒炜
4938,王爱军,盛楠
4939,王爱军,周梦蝶
4940,王爱军,吴文昕
4941,王爱军,何舒炜
4942,盛楠,周梦蝶
4943,盛楠,吴文昕
4944,盛楠,何舒炜
4945,周梦蝶,吴文昕
4946,周梦蝶,何舒炜
4947,吴文昕,何舒炜
4948,张文彤,殷毅
4949,张文彤,姜涛
4950,殷毅,姜涛
4951,舒沐晖,扈万泰
4952,舒沐晖,余颖
4953,扈万泰,余颖
4954,蔡瀛,朱国鸣
4955,赵万民,赵民
4956,赵万民,毛其智
4957,赵民,毛其智
4958,葛丹东,华晨
4959,闫水玉,杨柳
4960,闫水玉,邢忠
4961,杨柳,邢忠
4962,闫水玉,王正
4963,闫水玉,赵珂
4964,王正,赵珂
4965,王正,闫水玉
4966,王正,方瑜
4967,闫水玉,方瑜
4968,翁季,应文
4969,熊璐,王雨松
4970,王波,成受明
4971,王波,程新良
4972,王波,王伯伟
4973,成受明,程新良
4974,成受明,王伯伟
4975,程新良,王伯伟
4976,王雷,吴志强
4977,庞晓媚,周剑云
4978,庞晓媚,戚冬瑾
4979,周剑云,戚冬瑾
4980,赵守谅,陈婷婷
4981,胡畔,谢晖
4982,胡畔,王兴平
4983,谢晖,王兴平
4984,刘奇志,何梅
4985,刘奇志,汪云
4986,刘奇志,朱志兵
4987,何梅,汪云
4988,何梅,朱志兵
4989,汪云,朱志兵
4990,董卫,柴洋波
4991,董卫,王沈玉
4992,董卫,陈沂
4993,柴洋波,王沈玉
4994,柴洋波,陈沂
4995,王沈玉,陈沂
4996,汪芳,朱以才
4997,俞孔坚,刘向军
4998,俞孔坚,凌世红
4999,俞孔坚,边文光
5000,刘向军,凌世红
5001,刘向军,边文光
5002,凌世红,边文光
5003,杨蜀光,余颖
5004,杨蜀光,冉杨
5005,杨蜀光,宋思曼
5006,杨蜀光,邓伟平
5007,杨蜀光,刘胜洪
5008,余颖,冉杨
5009,余颖,宋思曼
5010,余颖,邓伟平
5011,余颖,刘胜洪
5012,冉杨,宋思曼
5013,冉杨,邓伟平
5014,冉杨,刘胜洪
5015,宋思曼,邓伟平
5016,宋思曼,刘胜洪
5017,邓伟平,刘胜洪
5018,彭坤焘,赵民
5019,段进,邱国潮
5020,黄勇,史靖塬
5021,黄勇,汪洋
5022,史靖塬,汪洋
5023,苏欣慰,陈金华
5024,戴德胜,姚迪
5025,徐鑫,于文波
5026,徐鑫,杨育人
5027,于文波,杨育人
5028,黄卫东,张玉娴
5029,刘纲,张哲斌
5030,黄锰,李光皓
5031,黄锰,张伶伶
5032,李光皓,张伶伶
5033,钟海燕,郑长德
5034,钟海燕,殷锋
5035,钟海燕,魏新春
5036,钟海燕,陈颜
5037,郑长德,殷锋
5038,郑长德,魏新春
5039,郑长德,陈颜
5040,殷锋,魏新春
5041,殷锋,陈颜
5042,魏新春,陈颜
5043,段德罡,白宁
5044,段德罡,王瑾
5045,白宁,王瑾
5046,华晨,马倩
5047,徐岚,段德罡
5048,庞磊,杨贵庆
5049,于一凡,李继军
5050,吴晓,王承慧
5051,吴晓,王艳红
5052,王承慧,王艳红
5053,赵文凯,张播
5054,陈峰,刘金玲
5055,陈峰,施仲衡
5056,刘金玲,施仲衡
5057,翟顺河,郭文炯
5058,翟顺河,景普秋
5059,郭文炯,景普秋
5060,张玉民,郑甲苏
5061,丁灵鸽,陈天
5062,丁灵鸽,李磊
5063,陈天,李磊
5064,张翼,吕斌
5065,宋小冬,钮心毅
5066,刘艳军,李诚固
5067,刘艳军,王颖
5068,刘艳军,张婧
5069,李诚固,王颖
5070,李诚固,张婧
5071,王颖,张婧
5072,肖为周,黄富民
5073,吴一洲,陈前虎
5074,吴一洲,邵波
5075,吴一洲,詹敏
5076,陈前虎,邵波
5077,陈前虎,詹敏
5078,邵波,詹敏
5079,宋伟轩,朱喜钢
5080,宋伟轩,吴启焰
5081,朱喜钢,吴启焰
5082,张雪松,卞大伟
5083,张雪松,任颐
5084,卞大伟,任颐
5085,叶茂,过秀成
5086,叶茂,徐吉谦
5087,叶茂,陈永茂
5088,叶茂,罗丽梅
5089,过秀成,徐吉谦
5090,过秀成,陈永茂
5091,过秀成,罗丽梅
5092,徐吉谦,陈永茂
5093,徐吉谦,罗丽梅
5094,陈永茂,罗丽梅
5095,赵文凯,张播
5096,王伟,谢英挺
5097,邓伟骥,陈钦水
5098,邓伟骥,丁明
5099,陈钦水,丁明
5100,林仲煜,胡纹
5101,林仲煜,涂英时
5102,林仲煜,赵文凯
5103,胡纹,涂英时
5104,胡纹,赵文凯
5105,涂英时,赵文凯
5106,任晋锋,吕斌
5107,竺雅莉,王晓鸣
5108,竺雅莉,杨年山
5109,王晓鸣,杨年山
5110,李智,林炳耀
5111,张永仲,白劲宇
5112,苏自立,曹银涛
5113,赵晶晶,李晓松
5114,赵晶晶,郭重阳
5115,赵晶晶,裴亮
5116,赵晶晶,杜鑫
5117,赵晶晶,吴炳方
5118,李晓松,郭重阳
5119,李晓松,裴亮
5120,李晓松,杜鑫
5121,李晓松,吴炳方
5122,郭重阳,裴亮
5123,郭重阳,杜鑫
5124,郭重阳,吴炳方
5125,裴亮,杜鑫
5126,裴亮,吴炳方
5127,杜鑫,吴炳方
5128,周恒,杨猛
5129,张播,赵文凯
5130,周文竹,阳建强
5131,王璐,汪奋强
5132,洪亮平,李保峰
5133,洪亮平,祝宇峰
5134,李保峰,祝宇峰
5135,唐凯,吴建平
5136,陈晨,赵民
5137,杨俊宴,陈雯
5138,王纪武,王炜
5139,戴维,长谷川直树
5140,戴维,铃木博志
5141,长谷川直树,铃木博志
5142,张播,赵文凯
5143,路旭,阴劼
5144,路旭,丁宇
5145,路旭,陈鹏
5146,阴劼,丁宇
5147,阴劼,陈鹏
5148,丁宇,陈鹏
5149,张忠国,吕斌
5150,郭红雨,蔡云楠
5151,郭红雨,肖荣波
5152,郭红雨,彭涛
5153,蔡云楠,肖荣波
5154,蔡云楠,彭涛
5155,肖荣波,彭涛
5156,张杰,禤文昊
5157,唐子来,潘一玲
5158,唐子来,刘学
5159,唐子来,卢源
5160,唐子来,李浩
5161,唐子来,黄富民
5162,唐子来,丁元
5163,唐子来,顾朝林
5164,潘一玲,刘学
5165,潘一玲,卢源
5166,潘一玲,李浩
5167,潘一玲,黄富民
5168,潘一玲,丁元
5169,潘一玲,顾朝林
5170,刘学,卢源
5171,刘学,李浩
5172,刘学,黄富民
5173,刘学,丁元
5174,刘学,顾朝林
5175,卢源,李浩
5176,卢源,黄富民
5177,卢源,丁元
5178,卢源,顾朝林
5179,李浩,黄富民
5180,李浩,丁元
5181,李浩,顾朝林
5182,黄富民,丁元
5183,黄富民,顾朝林
5184,丁元,顾朝林
5185,杨保军,于涛
5186,杨保军,王富海
5187,杨保军,谭纵波
5188,杨保军,陈沧杰
5189,杨保军,王德
5190,杨保军,宋劲松
5191,杨保军,林坚
5192,杨保军,何子张
5193,于涛,王富海
5194,于涛,谭纵波
5195,于涛,陈沧杰
5196,于涛,王德
5197,于涛,宋劲松
5198,于涛,林坚
5199,于涛,何子张
5200,王富海,谭纵波
5201,王富海,陈沧杰
5202,王富海,王德
5203,王富海,宋劲松
5204,王富海,林坚
5205,王富海,何子张
5206,谭纵波,陈沧杰
5207,谭纵波,王德
5208,谭纵波,宋劲松
5209,谭纵波,林坚
5210,谭纵波,何子张
5211,陈沧杰,王德
5212,陈沧杰,宋劲松
5213,陈沧杰,林坚
5214,陈沧杰,何子张
5215,王德,宋劲松
5216,王德,林坚
5217,王德,何子张
5218,宋劲松,林坚
5219,宋劲松,何子张
5220,林坚,何子张
5221,黎夏,叶嘉安
5222,黎夏,刘小平
5223,叶嘉安,刘小平
5224,邹军,朱杰
5225,王建国,王兴平
5226,杨涛,张泉
5227,梁伟,冀永进
5228,梁伟,李海梅
5229,冀永进,李海梅
5230,任绍斌,吴明伟
5231,李立勋,买买提江
5232,王建国,魏羽力
5233,王建国,汪坚强
5234,魏羽力,汪坚强
5235,何仲禹,张杰
5236,朱喜钢,金俭
5237,叶鹏,陈捷
5238,张文君,蒋云志
5239,张文君,李永树
5240,张文君,王卫红
5241,蒋云志,李永树
5242,蒋云志,王卫红
5243,李永树,王卫红
5244,雷诚,范凌云
5245,赵守谅,陈婷婷
5246,杨东峰,毛其智
5247,彭冲,王朝晖
5248,彭冲,孙翔
5249,彭冲,李光旭
5250,王朝晖,孙翔
5251,王朝晖,李光旭
5252,孙翔,李光旭
5253,张波,刘江涛
5254,张波,段磊
5255,刘江涛,段磊
5256,龙瀛,沈振江
5257,龙瀛,毛其智
5258,龙瀛,胡卓伟
5259,沈振江,毛其智
5260,沈振江,胡卓伟
5261,毛其智,胡卓伟
5262,赵之枫,张建
5263,马璇,王红扬
5264,马璇,冯建喜
5265,马璇,冯圆圆
5266,马璇,周扬
5267,王红扬,冯建喜
5268,王红扬,冯圆圆
5269,王红扬,周扬
5270,冯建喜,冯圆圆
5271,冯建喜,周扬
5272,冯圆圆,周扬
5273,黄明华,杨郑鑫
5274,黄明华,巩岳
5275,杨郑鑫,巩岳
5276,胡海龙,王波
5277,韩明霞,过孝民
5278,陈志诚,侯雷
5279,王京元,郑贤
5280,王京元,莫一魁
5281,郑贤,莫一魁
5282,段宁,黄握瑜
5283,叶斌,程茂吉
5284,叶斌,张媛明
5285,程茂吉,张媛明
5286,赵海波,董润润
5287,赵海波,刘武君
5288,董润润,刘武君
5289,刘青昊,李建波
5290,贺传皎,李江
5291,阳建强,罗超
5292,卜雪旸,运迎霞
5293,刘奇志,朱志兵
5294,罗小龙,张京祥
5295,罗小龙,殷洁
5296,张京祥,殷洁
5297,王兴平,涂志华
5298,王兴平,戎一翎
5299,涂志华,戎一翎
5300,贾生华,郑文娟
5301,贾生华,田传浩
5302,郑文娟,田传浩
5303,魏薇,王炜
5304,魏薇,胡适人
5305,王炜,胡适人
5306,刘涟涟,陆伟
5307,王建国,阳建强
5308,王建国,杨俊宴
5309,阳建强,杨俊宴
5310,宋博,赵民
5311,魏成,沈静
5312,魏成,范建红
5313,沈静,范建红
5314,韦亚平,张晨
5315,韦亚平,张宗彝
5316,韦亚平,沈奕
5317,张晨,张宗彝
5318,张晨,沈奕
5319,张宗彝,沈奕
5320,刘全波,刘晓明
5321,汪波,龚威平
5322,汪波,王海平
5323,汪波,房媛
5324,汪波,邢哲
5325,龚威平,王海平
5326,龚威平,房媛
5327,龚威平,邢哲
5328,王海平,房媛
5329,王海平,邢哲
5330,房媛,邢哲
5331,周剑云,戚冬瑾
5332,卢柯,张逸
5333,于亚滨,马双全
5334,张建喜,孙敏
5335,张建喜,范晓磊
5336,孙敏,范晓磊
5337,孙敏,杜立柱
5338,孙敏,潘玮
5339,杜立柱,潘玮
5340,刘莹,罗辑
5341,刘莹,吴阅辛
5342,罗辑,吴阅辛
5343,万宁,潘玮
5344,万宁,吕海蓉
5345,潘玮,吕海蓉
5346,阙维民,任疆
5347,汪晖,王兰兰
5348,汪晖,陶然
5349,王兰兰,陶然
5350,袁奇峰,方正兴
5351,袁奇峰,黄莉
5352,袁奇峰,熊青
5353,方正兴,黄莉
5354,方正兴,熊青
5355,黄莉,熊青
5356,赵珂,冯月
5357,赵珂,韩贵锋
5358,冯月,韩贵锋
5359,钮心毅,李时锦
5360,钮心毅,宋小冬
5361,钮心毅,钟家晖
5362,钮心毅,谭迎辉
5363,李时锦,宋小冬
5364,李时锦,钟家晖
5365,李时锦,谭迎辉
5366,宋小冬,钟家晖
5367,宋小冬,谭迎辉
5368,钟家晖,谭迎辉
5369,王武科,张凌
5370,王武科,胡东海
5371,张凌,胡东海
5372,王德,农耘之
5373,王德,朱玮
5374,农耘之,朱玮
5375,叶红,郑书剑
5376,叶红,邓毛颖
5377,郑书剑,邓毛颖
5378,王勇,李广斌
5379,官卫华,叶斌
5380,官卫华,王耀南
5381,叶斌,王耀南
5382,江海燕,周春山
5383,江海燕,高军波
5384,周春山,高军波
5385,罗彦,周春山
5386,朱兆丽,李青
5387,顾春平,陈伟瑾
5388,顾春平,奚赛英
5389,顾春平,孙君
5390,陈伟瑾,奚赛英
5391,陈伟瑾,孙君
5392,奚赛英,孙君
5393,周晟,李永全
5394,周晟,邹斌
5395,李永全,邹斌
5396,张春敏,刘全海
5397,周金晶,李枫
5398,周金晶,陈景进
5399,李枫,陈景进
5400,林坚,宋丽青
5401,林坚,马晨越
5402,宋丽青,马晨越
5403,叶永,刘南
5404,姜允芳,石铁矛
5405,姜允芳,赵淑红
5406,石铁矛,赵淑红
5407,徐强,戴慎志
5408,叶斌,刘正平
5409,叶斌,宣莹
5410,刘正平,宣莹
5411,杨俊宴,高源
5412,杨俊宴,雒建利
5413,高源,雒建利
5414,尹强,王佳文
5415,尹强,吕晓蓓
5416,王佳文,吕晓蓓
5417,邹兵,陆佳
5418,邹兵,周铭
5419,陆佳,周铭
5420,陆佳,邹兵
5421,陆佳,樊行
5422,邹兵,樊行
5423,石爱华,范钟铭
5424,邹兵,范军
5425,邹兵,张永宾
5426,邹兵,王桂林
5427,范军,张永宾
5428,范军,王桂林
5429,张永宾,王桂林
5430,张泉,施嘉泓
5431,王世营,蔡军
5432,武田艳,何芳
5433,魏皓严,许靖涛
5434,李小云,田银生
5435,戴维,长谷川直树
5436,戴维,铃木博志
5437,长谷川直树,铃木博志
5438,徐怡珊,周典
5439,徐怡珊,玉镇珲
5440,周典,玉镇珲
5441,王福定,马骁
5442,邢天河,崔建甫
5443,王海乾,苗运涛
5444,程遥,赵民
5445,罗小龙,田冬
5446,杨俊宴,吕传廷
5447,杨俊宴,杨明
5448,杨俊宴,章飙
5449,吕传廷,杨明
5450,吕传廷,章飙
5451,杨明,章飙
5452,王勇,谭静
5453,谢广靖,张恒
5454,谢广靖,郭本峰
5455,张恒,郭本峰
5456,韩青,顾朝林
5457,韩青,袁晓辉
5458,顾朝林,袁晓辉
5459,张建华,刘建军
5460,张莉,郭枫
5461,侯爱敏,耿立晴
5462,侯爱敏,张丹华
5463,侯爱敏,魏美英
5464,耿立晴,张丹华
5465,耿立晴,魏美英
5466,张丹华,魏美英
5467,袁新国,王兴平
5468,张建荣,李孝娟
5469,陈稳亮,张祖群
5470,陈稳亮,赵荣
5471,张祖群,赵荣
5472,于静,张志伟
5473,于静,蔡文婷
5474,张志伟,蔡文婷
5475,唐春媛,林从华
5476,唐春媛,柯美红
5477,林从华,柯美红
5478,白宁,段德罡
5479,王蒙徽,李郇
5480,王蒙徽,潘安
5481,李郇,潘安
5482,王婳,王泽坚
5483,王婳,朱荣远
5484,王婳,龚志渊
5485,王泽坚,朱荣远
5486,王泽坚,龚志渊
5487,朱荣远,龚志渊
5488,周燕珉,林婧怡
5489,唐子来,马向明
5490,唐子来,刘青昊
5491,唐子来,相秉军
5492,唐子来,刘佳福
5493,唐子来,宋劲松
5494,马向明,刘青昊
5495,马向明,相秉军
5496,马向明,刘佳福
5497,马向明,宋劲松
5498,刘青昊,相秉军
5499,刘青昊,刘佳福
5500,刘青昊,宋劲松
5501,相秉军,刘佳福
5502,相秉军,宋劲松
5503,刘佳福,宋劲松
5504,赵民,鹿斌佐
5505,赵民,袁锦富
5506,赵民,闫整
5507,赵民,张一成
5508,赵民,彭敏学
5509,赵民,李洪斌
5510,赵民,刘光治
5511,赵民,宋劲松
5512,赵民,何韶瑶
5513,鹿斌佐,袁锦富
5514,鹿斌佐,闫整
5515,鹿斌佐,张一成
5516,鹿斌佐,彭敏学
5517,鹿斌佐,李洪斌
5518,鹿斌佐,刘光治
5519,鹿斌佐,宋劲松
5520,鹿斌佐,何韶瑶
5521,袁锦富,闫整
5522,袁锦富,张一成
5523,袁锦富,彭敏学
5524,袁锦富,李洪斌
5525,袁锦富,刘光治
5526,袁锦富,宋劲松
5527,袁锦富,何韶瑶
5528,闫整,张一成
5529,闫整,彭敏学
5530,闫整,李洪斌
5531,闫整,刘光治
5532,闫整,宋劲松
5533,闫整,何韶瑶
5534,张一成,彭敏学
5535,张一成,李洪斌
5536,张一成,刘光治
5537,张一成,宋劲松
5538,张一成,何韶瑶
5539,彭敏学,李洪斌
5540,彭敏学,刘光治
5541,彭敏学,宋劲松
5542,彭敏学,何韶瑶
5543,李洪斌,刘光治
5544,李洪斌,宋劲松
5545,李洪斌,何韶瑶
5546,刘光治,宋劲松
5547,刘光治,何韶瑶
5548,宋劲松,何韶瑶
5549,尹稚,陶滔
5550,尹稚,黄向球
5551,尹稚,王富海
5552,尹稚,张亚津
5553,尹稚,唐曦文
5554,陶滔,黄向球
5555,陶滔,王富海
5556,陶滔,张亚津
5557,陶滔,唐曦文
5558,黄向球,王富海
5559,黄向球,张亚津
5560,黄向球,唐曦文
5561,王富海,张亚津
5562,王富海,唐曦文
5563,张亚津,唐曦文
5564,蒋蓉,邱建
